
# Unity is running as administrator.

Unity is running with Administrator privileges, which is not supported. Unity executes scripts and binary libraries in your project that may originate from third party sources and potentially be harmful to your computer. Unity may also execute scripts and binary libraries that are still under development and not yet fully tested. Running Unity with Administrator privileges may lead to catastrophic consequences, including but not limited to accidental data loss, change of global system settings or even bricking your device.

| Restart Unity as a standard user | I wish to continue at my own risk |

[Licensing::Module] Trying to connect to existing licensing client channel...
[Licensing::IpcConnector] Channel LicenseClient-Administrator doesn't exist
Built from '6000.3/staging' branch; Version is '6000.3.15f1 (c1aa84e375f6) revision 12692100'; Using compiler version '194234433'; Build Type 'Release'
OS: 'Windows 11  (10.0.26200) Professional' Language: 'en' Physical Memory: 32559 MB
BatchMode: 0, IsHumanControllingUs: 1, StartBugReporterOnCrash: 1, Is64bit: 1
System  architecture: x64
Process architecture: x64
Date: 2026-08-21T01:59:07Z
[Licensing::Module] Successfully launched the LicensingClient (PId: 8604)

COMMAND LINE ARGUMENTS:
C:\Program Files\Unity\Hub\Editor\6000.3.15f1\Editor\Unity.exe
-projectPath
C:\Users\Administrator\Desktop\Jetank-Simulation-RobotCollaboration\Robots
-logFile
C:\Users\Administrator\Desktop\Jetank-Simulation-RobotCollaboration\unity_open2.log
Successfully changed project path to: C:\Users\Administrator\Desktop\Jetank-Simulation-RobotCollaboration\Robots
C:/Users/Administrator/Desktop/Jetank-Simulation-RobotCollaboration/Robots
[UnityMemory] Configuration Parameters - Can be set up in boot.config
    "memorysetup-temp-allocator-size-nav-mesh-worker=65536"
    "memorysetup-temp-allocator-size-audio-worker=65536"
    "memorysetup-temp-allocator-size-gfx=262144"
    "memorysetup-allocator-temp-initial-block-size-main=262144"
    "memorysetup-allocator-temp-initial-block-size-worker=262144"
    "memorysetup-temp-allocator-size-background-worker=32768"
    "memorysetup-temp-allocator-size-job-worker=262144"
    "memorysetup-temp-allocator-size-preload-manager=33554432"
    "memorysetup-temp-allocator-size-gi-baking-worker=262144"
    "memorysetup-temp-allocator-size-gi-baking-worker=262144"
    "memorysetup-temp-allocator-size-gi-baking-worker=262144"
    "memorysetup-temp-allocator-size-gi-baking-worker=262144"
    "memorysetup-temp-allocator-size-gi-baking-worker=262144"
    "memorysetup-bucket-allocator-granularity=16"
    "memorysetup-bucket-allocator-bucket-count=8"
    "memorysetup-bucket-allocator-block-size=33554432"
    "memorysetup-bucket-allocator-block-count=8"
    "memorysetup-main-allocator-block-size=16777216"
    "memorysetup-thread-allocator-block-size=16777216"
    "memorysetup-gfx-main-allocator-block-size=16777216"
    "memorysetup-gfx-thread-allocator-block-size=16777216"
    "memorysetup-cache-allocator-block-size=4194304"
    "memorysetup-typetree-allocator-block-size=2097152"
    "memorysetup-profiler-bucket-allocator-granularity=16"
    "memorysetup-profiler-bucket-allocator-bucket-count=8"
    "memorysetup-profiler-bucket-allocator-block-size=33554432"
    "memorysetup-profiler-bucket-allocator-block-count=8"
    "memorysetup-profiler-allocator-block-size=16777216"
    "memorysetup-profiler-editor-allocator-block-size=1048576"
    "memorysetup-temp-allocator-size-main=16777216"
    "memorysetup-job-temp-allocator-block-size=2097152"
    "memorysetup-job-temp-allocator-block-size-background=1048576"
    "memorysetup-job-temp-allocator-reduction-small-platforms=262144"
    "memorysetup-temp-allocator-size-cloud-worker=32768"
Player connection [1960]  Target information:

Player connection [1960]  * "[IP] 172.31.48.1 [Port] 55504 [Flags] 2 [Guid] 428288831 [EditorId] 428288831 [Version] 1048832 [Id] WindowsEditor(7,VRLAB3) [Debug] 1 [PackageName] WindowsEditor [ProjectName] Editor" 

Player connection [1960]  * "[IP] 172.24.84.218 [Port] 55504 [Flags] 2 [Guid] 428288831 [EditorId] 428288831 [Version] 1048832 [Id] WindowsEditor(7,VRLAB3) [Debug] 1 [PackageName] WindowsEditor [ProjectName] Editor" 

Player connection [1960] Host joined multi-casting on [225.0.0.222:54997]...
Player connection [1960] Host joined alternative multi-casting on [225.0.0.222:34997]...
Input System module state changed to: Initialized.
[Physics::Module] Initialized fallback backend.
[Physics::Module] Id: 0xdecafbad
[Package Manager] Connected to IPC stream "Upm-15576" after 0.0 seconds.
[Licensing::Module] Licensing is not yet initialized.
Starting IPC server.
Waiting for clients to connect on \\.\pipe\Unity-LicenseClient-Administrator, press Ctrl-C to exit.
[Licensing::IpcConnector] Successfully connected to: "LicenseClient-Administrator" at "2026-08-21T01:59:57.33689Z"
[Licensing::Client] Code 10 while verifying Licensing Client signature (process Id: 8604, path: "C:/Program Files/Unity/Hub/Editor/6000.3.15f1/Editor/Data/Resources/Licensing/Client/Unity.Licensing.Client.exe")
[Licensing::Module] LicensingClient has failed validation; ignoring
[Licensing::Client] Handshaking with LicensingClient:
  Version:                 1.18.1+9fbee8e
  Session Id:              f8444d118ae348a1920af6412239b399
  Correlation Id:          8fbb9e7ed31e5ab22e54ac91fe62904e
  External correlation Id: 2266166048553442455
  Machine Id:              8pYlualZuuPS6nFvUA3Zp1CJACk=
[Licensing::Module] Successfully connected to LicensingClient on channel: "LicenseClient-Administrator" (connect: 49.87s, validation: 4.87s, handshake: 1.07s)
[Licensing::IpcConnector] Successfully connected to: "LicenseClient-Administrator-notifications" at "2026-08-21T02:00:03.2836968Z"
[Licensing::Module] Connected to LicensingClient (PId: 8604, launch time: 0.38, total connection time: 55.82s)
[Licensing::Module] Error: Access token is unavailable; failed to update
[Licensing::Client] Successfully resolved entitlement details
[Licensing::Module] License group:
  Id: 2474578408817-UnityPersXXXX
  Product: Unity Personal
  Type: Assigned
  Expiration: Unlimited
[Licensing::Client] Successfully updated license, isAsync: True, time: 0.09
[Licensing::Client] Successfully resolved entitlement details
[Licensing::Module] Licensing Background thread has ended after 56.50s
[Licensing::Module] Licensing is initialized (took 21.42s).
[Licensing::Client] Successfully resolved entitlement details
Library Redirect Path: Library/
[Physics::Module] Selected backend.
[Physics::Module] Name: PhysX
[Physics::Module] Id: 0xf2b8ea05
[Physics::Module] SDK Version: 4.1.2
[Physics::Module] Integration Version: 1.0.0
[Physics::Module] Threading Mode: Multi-Threaded
Artifact Garbage Collection - Removed 7 unused hashed content files
Refreshing native plugins compatible for Editor in 4.72 ms, found 0 plugins.
Preloading 0 native plugins for Editor in 0.00 ms.
Initialize engine version: 6000.3.15f1 (c1aa84e375f6)
[Subsystems] Discovering subsystems at path C:/Program Files/Unity/Hub/Editor/6000.3.15f1/Editor/Data/Resources/UnitySubsystems
[Subsystems] Discovering subsystems at path C:/Users/Administrator/Desktop/Jetank-Simulation-RobotCollaboration/Robots/Assets
[D3D12 Device Filter] Vendor Name: NVIDIA
[D3D12 Device Filter] Device Name: NVIDIA GeForce RTX 3080
[D3D12 Device Filter] Driver Version: 32.0.15.9595
[D3D12 Device Filter] Feature Level: 12.2
[D3D12 Device Filter] Graphics Memory: 10053 MB
[D3D12 Device Filter] Processor Count: 20
[D3D12 Device Filter] Device Type: Discrete
GfxDevice: creating device client; kGfxThreadingModeSplitJobs
d3d12: failed to query info queue interface (0x80004002).
Direct3D:
    Version:         Direct3D 12 [level 12.2]
    Renderer:        NVIDIA GeForce RTX 3080 (ID=0x2216)
    Vendor:          NVIDIA
    VRAM:            10053 MB
    App VRAM Budget: 9285 MB
    Driver:          32.0.15.9595
Initialize mono
Mono path[0] = 'C:/Program Files/Unity/Hub/Editor/6000.3.15f1/Editor/Data/Managed'
Mono path[1] = 'C:/Program Files/Unity/Hub/Editor/6000.3.15f1/Editor/Data/MonoBleedingEdge/lib/mono/unityjit-win32'
Mono config path = 'C:/Program Files/Unity/Hub/Editor/6000.3.15f1/Editor/Data/MonoBleedingEdge/etc'
Using monoOptions --debugger-agent=transport=dt_socket,embedding=1,server=y,suspend=n,address=127.0.0.1:56576
Using cacheserver namespaces - metadata:defaultmetadata, artifacts:defaultartifacts
Using cacheserver namespaces - metadata:defaultmetadata, artifacts:defaultartifacts
ImportWorker Server TCP listen port: 0
AcceleratorClientConnectionCallback - disconnected - :0
Begin MonoManager ReloadAssembly
Registering precompiled unity dll's ...
Register platform support module: C:/Program Files/Unity/Hub/Editor/6000.3.15f1/Editor/Data/PlaybackEngines/WindowsStandaloneSupport/UnityEditor.WindowsStandalone.Extensions.dll
Registered in 3.373052 seconds.
- Loaded All Assemblies, in 138.940 seconds
Native extension for WindowsStandalone target not found
Package Manager log level set to [2]
ScheduleIndexationOnStartup MainProcess:False IndexOnStartup:True
Mono: successfully reloaded assembly
- Finished resetting the current domain, in  4.777 seconds
Domain Reload Profiling: 143697ms
	BeginReloadAssembly (114445ms)
		ExecutionOrderSort (0ms)
		DisableScriptedObjects (0ms)
		BackupInstance (0ms)
		ReleaseScriptingObjects (0ms)
		CreateAndSetChildDomain (46ms)
	RebuildCommonClasses (5582ms)
	RebuildNativeTypeToScriptingClass (129ms)
	initialDomainReloadingComplete (3857ms)
	LoadAllAssembliesAndSetupDomain (14905ms)
		LoadAssemblies (114370ms)
		RebuildTransferFunctionScriptingTraits (0ms)
		AnalyzeDomain (14881ms)
			TypeCache.Refresh (14836ms)
				TypeCache.ScanAssembly (11151ms)
			BuildScriptInfoCaches (1ms)
			ResolveRequiredComponents (36ms)
	FinalizeReload (4781ms)
		ReleaseScriptCaches (0ms)
		RebuildScriptCaches (0ms)
		SetupLoadedEditorAssemblies (4432ms)
			LogAssemblyErrors (0ms)
			InitializePlatformSupportModulesInManaged (574ms)
			SetLoadedEditorAssemblies (34ms)
			BeforeProcessingInitializeOnLoad (960ms)
			ProcessInitializeOnLoadAttributes (1790ms)
			ProcessInitializeOnLoadMethodAttributes (1072ms)
			AfterProcessingInitializeOnLoad (0ms)
			EditorAssembliesLoaded (1ms)
		ExecutionOrderSort2 (0ms)
		AwakeInstancesAfterBackupRestoration (0ms)
[Licensing::Client] Successfully resolved entitlement details
Application.AssetDatabase Initial Refresh Start
[Package Manager] Restoring resolved packages state from cache
[Licensing::Client] Successfully resolved entitlement details
[Package Manager] Registered 58 packages:
  Packages from [https://packages.unity.com]:
    com.unity.ai.navigation@2.0.12 (location: C:\Users\Administrator\Desktop\Jetank-Simulation-RobotCollaboration\Robots\Library\PackageCache\com.unity.ai.navigation@734c2c4c5591)
    com.unity.cloud.gltfast@6.16.0 (location: C:\Users\Administrator\Desktop\Jetank-Simulation-RobotCollaboration\Robots\Library\PackageCache\com.unity.cloud.gltfast@126b20060ad6)
    com.unity.collab-proxy@2.12.4 (location: C:\Users\Administrator\Desktop\Jetank-Simulation-RobotCollaboration\Robots\Library\PackageCache\com.unity.collab-proxy@0b1559bcd34e)
    com.unity.ide.rider@3.0.39 (location: C:\Users\Administrator\Desktop\Jetank-Simulation-RobotCollaboration\Robots\Library\PackageCache\com.unity.ide.rider@4504839d03f7)
    com.unity.ide.visualstudio@2.0.26 (location: C:\Users\Administrator\Desktop\Jetank-Simulation-RobotCollaboration\Robots\Library\PackageCache\com.unity.ide.visualstudio@a99d56dec63f)
    com.unity.inputsystem@1.19.0 (location: C:\Users\Administrator\Desktop\Jetank-Simulation-RobotCollaboration\Robots\Library\PackageCache\com.unity.inputsystem@21a28c3a6c83)
    com.unity.timeline@1.8.12 (location: C:\Users\Administrator\Desktop\Jetank-Simulation-RobotCollaboration\Robots\Library\PackageCache\com.unity.timeline@8cd8509afae5)
    com.unity.visualscripting@1.9.11 (location: C:\Users\Administrator\Desktop\Jetank-Simulation-RobotCollaboration\Robots\Library\PackageCache\com.unity.visualscripting@8bed5ad90189)
    com.unity.burst@1.8.29 (location: C:\Users\Administrator\Desktop\Jetank-Simulation-RobotCollaboration\Robots\Library\PackageCache\com.unity.burst@6bb9aca3ef38)
    com.unity.collections@2.6.5 (location: C:\Users\Administrator\Desktop\Jetank-Simulation-RobotCollaboration\Robots\Library\PackageCache\com.unity.collections@12999e356c23)
    com.unity.mathematics@1.3.3 (location: C:\Users\Administrator\Desktop\Jetank-Simulation-RobotCollaboration\Robots\Library\PackageCache\com.unity.mathematics@19a9377c4ffa)
    com.unity.searcher@4.9.4 (location: C:\Users\Administrator\Desktop\Jetank-Simulation-RobotCollaboration\Robots\Library\PackageCache\com.unity.searcher@d45a78918735)
    com.unity.nuget.mono-cecil@1.11.6 (location: C:\Users\Administrator\Desktop\Jetank-Simulation-RobotCollaboration\Robots\Library\PackageCache\com.unity.nuget.mono-cecil@ecb9724e46ff)
    com.unity.test-framework.performance@3.4.0 (location: C:\Users\Administrator\Desktop\Jetank-Simulation-RobotCollaboration\Robots\Library\PackageCache\com.unity.test-framework.performance@aa81a99c4a75)
  Built-in packages:
    com.unity.multiplayer.center@1.0.1 (location: C:\Users\Administrator\Desktop\Jetank-Simulation-RobotCollaboration\Robots\Library\PackageCache\com.unity.multiplayer.center@f01f4ba8d00a)
    com.unity.render-pipelines.universal@17.3.0 (location: C:\Users\Administrator\Desktop\Jetank-Simulation-RobotCollaboration\Robots\Library\PackageCache\com.unity.render-pipelines.universal@40f8b5b9939e)
    com.unity.test-framework@1.6.0 (location: C:\Users\Administrator\Desktop\Jetank-Simulation-RobotCollaboration\Robots\Library\PackageCache\com.unity.test-framework@aebcb98460c6)
    com.unity.ugui@2.0.0 (location: C:\Users\Administrator\Desktop\Jetank-Simulation-RobotCollaboration\Robots\Library\PackageCache\com.unity.ugui@23e8d17bfaf9)
    com.unity.modules.accessibility@1.0.0 (location: C:\Users\Administrator\Desktop\Jetank-Simulation-RobotCollaboration\Robots\Library\PackageCache\com.unity.modules.accessibility)
    com.unity.modules.adaptiveperformance@1.0.0 (location: C:\Users\Administrator\Desktop\Jetank-Simulation-RobotCollaboration\Robots\Library\PackageCache\com.unity.modules.adaptiveperformance)
    com.unity.modules.ai@1.0.0 (location: C:\Users\Administrator\Desktop\Jetank-Simulation-RobotCollaboration\Robots\Library\PackageCache\com.unity.modules.ai)
    com.unity.modules.androidjni@1.0.0 (location: C:\Users\Administrator\Desktop\Jetank-Simulation-RobotCollaboration\Robots\Library\PackageCache\com.unity.modules.androidjni)
    com.unity.modules.animation@1.0.0 (location: C:\Users\Administrator\Desktop\Jetank-Simulation-RobotCollaboration\Robots\Library\PackageCache\com.unity.modules.animation)
    com.unity.modules.assetbundle@1.0.0 (location: C:\Users\Administrator\Desktop\Jetank-Simulation-RobotCollaboration\Robots\Library\PackageCache\com.unity.modules.assetbundle)
    com.unity.modules.audio@1.0.0 (location: C:\Users\Administrator\Desktop\Jetank-Simulation-RobotCollaboration\Robots\Library\PackageCache\com.unity.modules.audio)
    com.unity.modules.cloth@1.0.0 (location: C:\Users\Administrator\Desktop\Jetank-Simulation-RobotCollaboration\Robots\Library\PackageCache\com.unity.modules.cloth)
    com.unity.modules.director@1.0.0 (location: C:\Users\Administrator\Desktop\Jetank-Simulation-RobotCollaboration\Robots\Library\PackageCache\com.unity.modules.director)
    com.unity.modules.imageconversion@1.0.0 (location: C:\Users\Administrator\Desktop\Jetank-Simulation-RobotCollaboration\Robots\Library\PackageCache\com.unity.modules.imageconversion)
    com.unity.modules.imgui@1.0.0 (location: C:\Users\Administrator\Desktop\Jetank-Simulation-RobotCollaboration\Robots\Library\PackageCache\com.unity.modules.imgui)
    com.unity.modules.jsonserialize@1.0.0 (location: C:\Users\Administrator\Desktop\Jetank-Simulation-RobotCollaboration\Robots\Library\PackageCache\com.unity.modules.jsonserialize)
    com.unity.modules.particlesystem@1.0.0 (location: C:\Users\Administrator\Desktop\Jetank-Simulation-RobotCollaboration\Robots\Library\PackageCache\com.unity.modules.particlesystem)
    com.unity.modules.physics@1.0.0 (location: C:\Users\Administrator\Desktop\Jetank-Simulation-RobotCollaboration\Robots\Library\PackageCache\com.unity.modules.physics)
    com.unity.modules.physics2d@1.0.0 (location: C:\Users\Administrator\Desktop\Jetank-Simulation-RobotCollaboration\Robots\Library\PackageCache\com.unity.modules.physics2d)
    com.unity.modules.screencapture@1.0.0 (location: C:\Users\Administrator\Desktop\Jetank-Simulation-RobotCollaboration\Robots\Library\PackageCache\com.unity.modules.screencapture)
    com.unity.modules.terrain@1.0.0 (location: C:\Users\Administrator\Desktop\Jetank-Simulation-RobotCollaboration\Robots\Library\PackageCache\com.unity.modules.terrain)
    com.unity.modules.terrainphysics@1.0.0 (location: C:\Users\Administrator\Desktop\Jetank-Simulation-RobotCollaboration\Robots\Library\PackageCache\com.unity.modules.terrainphysics)
    com.unity.modules.tilemap@1.0.0 (location: C:\Users\Administrator\Desktop\Jetank-Simulation-RobotCollaboration\Robots\Library\PackageCache\com.unity.modules.tilemap)
    com.unity.modules.ui@1.0.0 (location: C:\Users\Administrator\Desktop\Jetank-Simulation-RobotCollaboration\Robots\Library\PackageCache\com.unity.modules.ui)
    com.unity.modules.uielements@1.0.0 (location: C:\Users\Administrator\Desktop\Jetank-Simulation-RobotCollaboration\Robots\Library\PackageCache\com.unity.modules.uielements)
    com.unity.modules.umbra@1.0.0 (location: C:\Users\Administrator\Desktop\Jetank-Simulation-RobotCollaboration\Robots\Library\PackageCache\com.unity.modules.umbra)
    com.unity.modules.unityanalytics@1.0.0 (location: C:\Users\Administrator\Desktop\Jetank-Simulation-RobotCollaboration\Robots\Library\PackageCache\com.unity.modules.unityanalytics)
    com.unity.modules.unitywebrequest@1.0.0 (location: C:\Users\Administrator\Desktop\Jetank-Simulation-RobotCollaboration\Robots\Library\PackageCache\com.unity.modules.unitywebrequest)
    com.unity.modules.unitywebrequestassetbundle@1.0.0 (location: C:\Users\Administrator\Desktop\Jetank-Simulation-RobotCollaboration\Robots\Library\PackageCache\com.unity.modules.unitywebrequestassetbundle)
    com.unity.modules.unitywebrequestaudio@1.0.0 (location: C:\Users\Administrator\Desktop\Jetank-Simulation-RobotCollaboration\Robots\Library\PackageCache\com.unity.modules.unitywebrequestaudio)
    com.unity.modules.unitywebrequesttexture@1.0.0 (location: C:\Users\Administrator\Desktop\Jetank-Simulation-RobotCollaboration\Robots\Library\PackageCache\com.unity.modules.unitywebrequesttexture)
    com.unity.modules.unitywebrequestwww@1.0.0 (location: C:\Users\Administrator\Desktop\Jetank-Simulation-RobotCollaboration\Robots\Library\PackageCache\com.unity.modules.unitywebrequestwww)
    com.unity.modules.vectorgraphics@1.0.0 (location: C:\Users\Administrator\Desktop\Jetank-Simulation-RobotCollaboration\Robots\Library\PackageCache\com.unity.modules.vectorgraphics)
    com.unity.modules.vehicles@1.0.0 (location: C:\Users\Administrator\Desktop\Jetank-Simulation-RobotCollaboration\Robots\Library\PackageCache\com.unity.modules.vehicles)
    com.unity.modules.video@1.0.0 (location: C:\Users\Administrator\Desktop\Jetank-Simulation-RobotCollaboration\Robots\Library\PackageCache\com.unity.modules.video)
    com.unity.modules.vr@1.0.0 (location: C:\Users\Administrator\Desktop\Jetank-Simulation-RobotCollaboration\Robots\Library\PackageCache\com.unity.modules.vr)
    com.unity.modules.wind@1.0.0 (location: C:\Users\Administrator\Desktop\Jetank-Simulation-RobotCollaboration\Robots\Library\PackageCache\com.unity.modules.wind)
    com.unity.modules.xr@1.0.0 (location: C:\Users\Administrator\Desktop\Jetank-Simulation-RobotCollaboration\Robots\Library\PackageCache\com.unity.modules.xr)
    com.unity.modules.subsystems@1.0.0 (location: C:\Users\Administrator\Desktop\Jetank-Simulation-RobotCollaboration\Robots\Library\PackageCache\com.unity.modules.subsystems)
    com.unity.modules.hierarchycore@1.0.0 (location: C:\Users\Administrator\Desktop\Jetank-Simulation-RobotCollaboration\Robots\Library\PackageCache\com.unity.modules.hierarchycore)
    com.unity.ext.nunit@2.0.5 (location: C:\Users\Administrator\Desktop\Jetank-Simulation-RobotCollaboration\Robots\Library\PackageCache\com.unity.ext.nunit@d8c07649098d)
    com.unity.render-pipelines.core@17.3.0 (location: C:\Users\Administrator\Desktop\Jetank-Simulation-RobotCollaboration\Robots\Library\PackageCache\com.unity.render-pipelines.core@648b47f96bf1)
    com.unity.shadergraph@17.3.0 (location: C:\Users\Administrator\Desktop\Jetank-Simulation-RobotCollaboration\Robots\Library\PackageCache\com.unity.shadergraph@2da3a5f87f4a)
    com.unity.render-pipelines.universal-config@17.0.3 (location: C:\Users\Administrator\Desktop\Jetank-Simulation-RobotCollaboration\Robots\Library\PackageCache\com.unity.render-pipelines.universal-config@8dc1aab4af1d)
[Subsystems] No new subsystems found in resolved package list.
[Package Manager] Done registering packages in 0.22 seconds
warn: Unity.AspNetCore.NamedPipeSupport.NamedPipeServer[0]
      Exception occured while accepting client connection: System.IO.IOException: The pipe is being closed.
         at System.IO.Pipes.NamedPipeServerStream.WaitForConnectionCoreAsync(CancellationToken cancellationToken)
         at System.IO.Pipes.NamedPipeServerStream.WaitForConnectionAsync(CancellationToken cancellationToken)
         at Unity.AspNetCore.NamedPipeSupport.NamedPipeServer.AcceptLoop(Boolean useNamedPipeMessageSemantic)
         at System.Runtime.CompilerServices.AsyncMethodBuilderCore.Start[TStateMachine](TStateMachine& stateMachine)
         at Unity.AspNetCore.NamedPipeSupport.NamedPipeServer.AcceptLoop(Boolean useNamedPipeMessageSemantic)
         at Unity.AspNetCore.NamedPipeSupport.NamedPipeServer..ctor(String pipeName, NamedPipeListenerOptions options, ILogger`1 logger)
         at Unity.AspNetCore.NamedPipeSupport.NamedPipeListener..ctor(NamedPipeEndpoint endpoint, ILoggerFactory loggerFactory, NamedPipeListenerOptions namedPipeListenerOptions)
         at Unity.AspNetCore.NamedPipeSupport.NamedPipeListenerFactory.BindAsync(EndPoint _, CancellationToken cancellationToken)
         at Microsoft.AspNetCore.Server.Kestrel.Core.Internal.Infrastructure.TransportManager.BindAsync(EndPoint endPoint, ConnectionDelegate connectionDelegate, EndpointConfig endpointConfig, CancellationToken cancellationToken)
         at System.Runtime.CompilerServices.AsyncMethodBuilderCore.Start[TStateMachine](TStateMachine& stateMachine)
         at Microsoft.AspNetCore.Server.Kestrel.Core.Internal.Infrastructure.TransportManager.BindAsync(EndPoint endPoint, ConnectionDelegate connectionDelegate, EndpointConfig endpointConfig, CancellationToken cancellationToken)
         at Microsoft.AspNetCore.Server.Kestrel.Core.KestrelServerImpl.<>c__DisplayClass30_0`1.<<StartAsync>g__OnBind|0>d.MoveNext()
         at System.Runtime.CompilerServices.AsyncMethodBuilderCore.Start[TStateMachine](TStateMachine& stateMachine)
         at Microsoft.AspNetCore.Server.Kestrel.Core.KestrelServerImpl.<>c__DisplayClass30_0`1.<StartAsync>g__OnBind|0(ListenOptions options, CancellationToken onBindCancellationToken)
         at Microsoft.AspNetCore.Server.Kestrel.Core.Internal.AddressBinder.BindEndpointAsync(ListenOptions endpoint, AddressBindContext context, CancellationToken cancellationToken)
         at System.Runtime.CompilerServices.AsyncMethodBuilderCore.Start[TStateMachine](TStateMachine& stateMachine)
         at Microsoft.AspNetCore.Server.Kestrel.Core.Internal.AddressBinder.BindEndpointAsync(ListenOptions endpoint, AddressBindContext context, CancellationToken cancellationToken)
         at Microsoft.AspNetCore.Server.Kestrel.Core.LocalhostListenOptions.BindAsync(AddressBindContext context, CancellationToken cancellationToken)
         at System.Runtime.CompilerServices.AsyncMethodBuilderCore.Start[TStateMachine](TStateMachine& stateMachine)
         at Microsoft.AspNetCore.Server.Kestrel.Core.LocalhostListenOptions.BindAsync(AddressBindContext context, CancellationToken cancellationToken)
         at Microsoft.AspNetCore.Server.Kestrel.Core.Internal.AddressBinder.EndpointsStrategy.BindAsync(AddressBindContext context, CancellationToken cancellationToken)
         at System.Runtime.CompilerServices.AsyncMethodBuilderCore.Start[TStateMachine](TStateMachine& stateMachine)
         at Microsoft.AspNetCore.Server.Kestrel.Core.Internal.AddressBinder.EndpointsStrategy.BindAsync(AddressBindContext context, CancellationToken cancellationToken)
         at Microsoft.AspNetCore.Server.Kestrel.Core.Internal.AddressBinder.BindAsync(IEnumerable`1 listenOptions, AddressBindContext context, CancellationToken cancellationToken)
         at System.Runtime.CompilerServices.AsyncMethodBuilderCore.Start[TStateMachine](TStateMachine& stateMachine)
         at Microsoft.AspNetCore.Server.Kestrel.Core.Internal.AddressBinder.BindAsync(IEnumerable`1 listenOptions, AddressBindContext context, CancellationToken cancellationToken)
         at Microsoft.AspNetCore.Server.Kestrel.Core.KestrelServerImpl.BindAsync(CancellationToken cancellationToken)
         at System.Runtime.CompilerServices.AsyncMethodBuilderCore.Start[TStateMachine](TStateMachine& stateMachine)
         at Microsoft.AspNetCore.Server.Kestrel.Core.KestrelServerImpl.BindAsync(CancellationToken cancellationToken)
         at Microsoft.AspNetCore.Server.Kestrel.Core.KestrelServerImpl.StartAsync[TContext](IHttpApplication`1 application, CancellationToken cancellationToken)
         at System.Runtime.CompilerServices.AsyncMethodBuilderCore.Start[TStateMachine](TStateMachine& stateMachine)
         at Microsoft.AspNetCore.Server.Kestrel.Core.KestrelServerImpl.StartAsync[TContext](IHttpApplication`1 application, CancellationToken cancellationToken)
         at Microsoft.AspNetCore.Hosting.GenericWebHostService.StartAsync(CancellationToken cancellationToken)
         at System.Runtime.CompilerServices.AsyncMethodBuilderCore.Start[TStateMachine](TStateMachine& stateMachine)
         at Microsoft.AspNetCore.Hosting.GenericWebHostService.StartAsync(CancellationToken cancellationToken)
         at Microsoft.Extensions.Hosting.Internal.Host.StartAsync(CancellationToken cancellationToken)
         at System.Runtime.CompilerServices.AsyncMethodBuilderCore.Start[TStateMachine](TStateMachine& stateMachine)
         at Microsoft.Extensions.Hosting.Internal.Host.StartAsync(CancellationToken cancellationToken)
         at Microsoft.AspNetCore.Builder.WebApplication.StartAsync(CancellationToken cancellationToken)
         at Microsoft.Extensions.Hosting.HostingAbstractionsHostExtensions.RunAsync(IHost host, CancellationToken token)
         at System.Runtime.CompilerServices.AsyncMethodBuilderCore.Start[TStateMachine](TStateMachine& stateMachine)
         at Microsoft.Extensions.Hosting.HostingAbstractionsHostExtensions.RunAsync(IHost host, CancellationToken token)
         at Microsoft.Extensions.Hosting.HostingAbstractionsHostExtensions.Run(IHost host)
         at Microsoft.AspNetCore.Builder.WebApplication.Run(String url)
         at Program.<Main>$(String[] args)
      --- End of stack trace from previous location ---
         at Unity.AspNetCore.NamedPipeSupport.NamedPipeServer.AcceptLoop(Boolean useNamedPipeMessageSemantic)
info: Microsoft.Hosting.Lifetime[14]
      Now listening on: http://localhost:80
info: Microsoft.Hosting.Lifetime[0]
      Application started. Press Ctrl+C to shut down.
info: Microsoft.Hosting.Lifetime[0]
      Hosting environment: Production
info: Microsoft.Hosting.Lifetime[0]
      Content root path: C:\Users\Administrator\Desktop\Jetank-Simulation-RobotCollaboration\Robots\
info: Microsoft.AspNetCore.Hosting.Diagnostics[1]
      Request starting HTTP/2 POST http://ilpp/UnityILPP.PostProcessing/Ping application/grpc -
info: Microsoft.AspNetCore.Routing.EndpointMiddleware[0]
      Executing endpoint 'gRPC - /UnityILPP.PostProcessing/Ping'
info: Microsoft.AspNetCore.Routing.EndpointMiddleware[1]
      Executed endpoint 'gRPC - /UnityILPP.PostProcessing/Ping'
info: Microsoft.AspNetCore.Hosting.Diagnostics[2]
      Request finished HTTP/2 POST http://ilpp/UnityILPP.PostProcessing/Ping application/grpc - - 200 - application/grpc 443.8315ms
Starting: C:\Program Files\Unity\Hub\Editor\6000.3.15f1\Editor\Data\Tools\BuildPipeline\bee_backend.exe --ipc --defer-dag-verification --dagfile="Library/Bee/1900b0aE.dag" --continue-on-failure --profile="Library/Bee/backend1.traceevents" ScriptAssemblies
WorkingDir: C:/Users/Administrator/Desktop/Jetank-Simulation-RobotCollaboration/Robots
info: Microsoft.AspNetCore.Hosting.Diagnostics[1]
      Request starting HTTP/2 POST http://ilpp/UnityILPP.PostProcessing/ConfigurePostProcessors application/grpc -
info: Microsoft.AspNetCore.Routing.EndpointMiddleware[0]
      Executing endpoint 'gRPC - /UnityILPP.PostProcessing/ConfigurePostProcessors'
warn: Unity.ILPP.Runner.PostProcessingAssemblyLoadContext[0]
      Assembly system.runtime.interopservices.windowsruntime has duplicate hint path. Ignoring "C:\Program Files\Unity\Hub\Editor\6000.3.15f1\Editor\Data\UnityReferenceAssemblies\unity-4.8-api\Facades\System.Runtime.InteropServices.WindowsRuntime.dll" in favor of "C:\Program Files\Unity\Hub\Editor\6000.3.15f1\Editor\Data\NetStandard\Extensions\2.0.0\System.Runtime.InteropServices.WindowsRuntime.dll"
warn: Unity.ILPP.Runner.PostProcessingAssemblyLoadContext[0]
      Assembly system.componentmodel.composition has duplicate hint path. Ignoring "C:\Program Files\Unity\Hub\Editor\6000.3.15f1\Editor\Data\UnityReferenceAssemblies\unity-4.8-api\System.ComponentModel.Composition.dll" in favor of "C:\Program Files\Unity\Hub\Editor\6000.3.15f1\Editor\Data\NetStandard\compat\2.1.0\shims\netfx\System.ComponentModel.Composition.dll"
info: Unity.ILPP.Runner.PostProcessingAssemblyLoadContext[0]
      Resolved Unity.Burst.Cecil, Version=0.11.6.0, Culture=neutral, PublicKeyToken=50cebf1cceb9d05e with Library\PackageCache\com.unity.burst@6bb9aca3ef38\Unity.Burst.CodeGen\Unity.Burst.Cecil.dll
info: Unity.ILPP.Runner.PostProcessingAssemblyLoadContext[0]
      Resolved Mono.Cecil, Version=0.11.5.0, Culture=neutral, PublicKeyToken=50cebf1cceb9d05e with Library\PackageCache\com.unity.nuget.mono-cecil@ecb9724e46ff\Mono.Cecil.dll
info: Microsoft.AspNetCore.Routing.EndpointMiddleware[1]
      Executed endpoint 'gRPC - /UnityILPP.PostProcessing/ConfigurePostProcessors'
info: Microsoft.AspNetCore.Hosting.Diagnostics[2]
      Request finished HTTP/2 POST http://ilpp/UnityILPP.PostProcessing/ConfigurePostProcessors application/grpc - - 200 - application/grpc 6035.8666ms
ExitCode: 0 Duration: 9s236ms
[BUSY       6s] ILPP-Configuration Library/ilpp-configuration.nevergeneratedoutput
[718/917    6s] ILPP-Configuration Library/ilpp-configuration.nevergeneratedoutput
*** Tundra build success (8.53 seconds), 1 items updated, 917 evaluated
AssetDatabase: script compilation time: 17.376880s
Begin MonoManager ReloadAssembly
Total cache size 33654364
Total cache size after purge 33654364, took 00:00:00.6507475
- Loaded All Assemblies, in 100.743 seconds
Start importing Assets/_Recovery using Guid(fab83dd3744bc9c47b4c34df2b4b84b4) (DefaultImporter) -> (artifact id: 'd326a0ef201b5822c899b21aec557b46') in 0.2471374 seconds
Refreshing native plugins compatible for Editor in 1020.07 ms, found 4 plugins.
Native extension for WindowsStandalone target not found
Refreshing native plugins compatible for Editor in 19.64 ms, found 4 plugins.
[Licensing::Client] Successfully resolved entitlement details
ScheduleIndexationOnStartup MainProcess:True IndexOnStartup:True
Mono: successfully reloaded assembly
- Finished resetting the current domain, in 39.721 seconds
Domain Reload Profiling: 140426ms
	BeginReloadAssembly (1587ms)
		ExecutionOrderSort (0ms)
		DisableScriptedObjects (194ms)
		BackupInstance (0ms)
		ReleaseScriptingObjects (0ms)
		CreateAndSetChildDomain (205ms)
	RebuildCommonClasses (320ms)
	RebuildNativeTypeToScriptingClass (121ms)
	initialDomainReloadingComplete (286ms)
	LoadAllAssembliesAndSetupDomain (98386ms)
		LoadAssemblies (92575ms)
		RebuildTransferFunctionScriptingTraits (0ms)
		AnalyzeDomain (6685ms)
			TypeCache.Refresh (5727ms)
				TypeCache.ScanAssembly (5629ms)
			BuildScriptInfoCaches (809ms)
			ResolveRequiredComponents (112ms)
	FinalizeReload (39726ms)
		ReleaseScriptCaches (0ms)
		RebuildScriptCaches (0ms)
		SetupLoadedEditorAssemblies (28780ms)
			LogAssemblyErrors (0ms)
			InitializePlatformSupportModulesInManaged (219ms)
			SetLoadedEditorAssemblies (31ms)
			BeforeProcessingInitializeOnLoad (1755ms)
			ProcessInitializeOnLoadAttributes (25777ms)
			ProcessInitializeOnLoadMethodAttributes (941ms)
			AfterProcessingInitializeOnLoad (55ms)
			EditorAssembliesLoaded (2ms)
		ExecutionOrderSort2 (0ms)
		AwakeInstancesAfterBackupRestoration (267ms)
Start importing Assets/_Recovery/0.unity using Guid(76d072bd063392149948e92c07b8b2a5) (DefaultImporter) -> (artifact id: '38ecd77cb147eccb6a01aa45043a4dcf') in 0.2443881 seconds
Start importing Assets/Scenes/MainScene.unity using Guid(99c9720ab356a0642a771bea13969a05) (DefaultImporter) -> (artifact id: 'b5dfb69df3e2922b1417900ee7858046') in 0.0862468 seconds
Opening scene 'Assets/_Recovery/0.unity'
Unloading 0 Unused Serialized files (Serialized files now loaded: 0)
Loaded scene 'Assets/_Recovery/0.unity'
	Deserialize:            110.474 ms
	Integration:            1509.981 ms
	Integration of assets:  1.229 ms
	Thread Wait Time:       0.252 ms
	Total Operation Time:   1621.937 ms
Unloading 6716 unused Assets / (2.5 MB). Loaded Objects now: 7932.
Memory consumption went from 184.1 MB to 181.6 MB.
Total: 66.210500 ms (FindLiveObjects: 3.162500 ms CreateObjectMapping: 2.914000 ms MarkObjects: 46.536500 ms  DeleteObjects: 13.589600 ms)

Unloading 2 Unused Serialized files (Serialized files now loaded: 0)
Loaded scene 'Temp/__Backupscenes/0.backup'
	Deserialize:            2.800 ms
	Integration:            1062.676 ms
	Integration of assets:  0.015 ms
	Thread Wait Time:       0.263 ms
	Total Operation Time:   1065.753 ms
Unloading 0 unused Assets / (0 B). Loaded Objects now: 7554.
Memory consumption went from 176.9 MB to 176.9 MB.
Total: 50.584000 ms (FindLiveObjects: 1.386800 ms CreateObjectMapping: 1.314300 ms MarkObjects: 47.772400 ms  DeleteObjects: 0.103100 ms)

Start importing Assets/_Recovery/0.unity using Guid(76d072bd063392149948e92c07b8b2a5) (DefaultImporter) -> (artifact id: '40570fa2b430526f444f0b09462d588a') in 0.0075175 seconds
Refreshing native plugins compatible for Editor in 17.17 ms, found 4 plugins.
Preloading 0 native plugins for Editor in 0.00 ms.
Asset Pipeline Refresh (id=15c91d898fac41d41ab59ab9469d8ce8): Total: 201.223 seconds - Initiated by InitialRefreshV2(ForceSynchronousImport)
	Summary:
		Imports: total=4 (actual=4, local cache=0, cache server=0)
		Asset DB Process Time: managed=51 ms, native=79319 ms
		Asset DB Callback time: managed=2461 ms, native=710 ms
		Scripting: domain reloads=1, domain reload time=100748 ms, compile time=17418 ms, other=513 ms
		Project Asset Count: scripts=1333, non-scripts=2400
		Asset File Changes: new=2, changed=4, moved=0, deleted=0
		Scan Filter Count: 0
	InvokeCustomDependenciesCallbacks: 0.012ms
	InvokePackagesCallback: 676.035ms
	ApplyChangesToAssetFolders: 8.158ms
	Scan: 1298.468ms
	OnSourceAssetsModified: 12.988ms
	CategorizeAssetsWithTransientArtifact: 22698.773ms
	ProcessAssetsWithTransientArtifactChanges: 696.891ms
	CategorizeAssets: 724.131ms
	ImportOutOfDateAssets: 44499.121ms (26413.229ms without children)
		ImportManagerImport: 646.486ms (52.066ms without children)
			ImportInProcess: 594.045ms
			UpdateCategorizedAssets: 0.376ms
		CompileScripts: 17417.963ms
		ReloadNativeAssets: 0.625ms
		UnloadImportedAssets: 5.998ms
		ReloadImportedAssets: 0.005ms
		EnsureUptoDateAssetsAreRegisteredWithGuidPM: 9.221ms
		InitializingProgressBar: 0.086ms
		PostProcessAllAssetNotificationsAddChangedAssets: 0.010ms
		OnDemandSchedulerStart: 5.498ms
	PostProcessAllAssets: 2472.665ms
	Hotreload: 32.394ms
	GatherAllCurrentPrimaryArtifactRevisions: 0.014ms
	UnloadStreamsBegin: 24.675ms
	PersistCurrentRevisions: 1.668ms
	UnloadStreamsEnd: 0.005ms
	GenerateScriptTypeHashes: 63.290ms
	Untracked: 128077.273ms

Application.AssetDatabase Initial Refresh End
Launched and connected shader compiler UnityShaderCompiler.exe after 0.43 seconds
Scanning for USB devices : 16.771ms
Initializing Unity extensions:
[MODES] ModeService[none].Initialize
[MODES] ModeService[none].LoadModes
[MODES] Loading mode Default (0) for mode-current-id-Robots
Unloading 18 Unused Serialized files (Serialized files now loaded: 0)
Loaded scene 'Assets/Scenes/MainScene.unity'
	Deserialize:            91.382 ms
	Integration:            1733.118 ms
	Integration of assets:  2.367 ms
	Thread Wait Time:       0.125 ms
	Total Operation Time:   1826.990 ms
[Licensing::Client] Successfully resolved entitlement details
Unloading 65 unused Assets / (2.1 MB). Loaded Objects now: 7978.
Memory consumption went from 232.0 MB to 229.9 MB.
Total: 63.048200 ms (FindLiveObjects: 2.037600 ms CreateObjectMapping: 1.593800 ms MarkObjects: 54.265700 ms  DeleteObjects: 5.141600 ms)

[LAYOUT] About to load UserSettings\Layouts\default-6000.dwlt, keepMainWindow=False
[LAYOUT] About to save layout C:\Users\Administrator\Desktop\Jetank-Simulation-RobotCollaboration\Robots\UserSettings\Layouts\default-6000.dwlt
[LAYOUT] About to save layout C:/Users/Administrator/AppData/Roaming/Unity/Editor-5.x/Preferences\Layouts\current\default-6000.dwlt
[MODES] ModeService[default].InitializeCurrentMode
[MODES] ModeService[default].RaiseModeChanged(default, default)
Launching Unity Hub...
Unity is running with Administrator privileges, which is not supported. Unity executes scripts and binary libraries in your project that may originate from third party sources and potentially be harmful to your computer. Unity may also execute scripts and binary libraries that are still under development and not yet fully tested. Running Unity with Administrator privileges may lead to catastrophic consequences, including but not limited to accidental data loss, change of global system settings or even bricking your device.
<RI> Initializing input.
Using Windows.Gaming.Input
[Project] Loading completed in 481.700 seconds
	Project init time: 				443.468 seconds
		Template init time: 		0.000 seconds
		Package Manager init time: 		21.438 seconds
		Asset Database init time: 		5.327 seconds
		Global illumination init time: 	0.280 seconds
		Assemblies load time: 			144.202 seconds
		Unity extensions init time: 	0.064 seconds
		Asset Database refresh time: 	201.224 seconds
	Scene opening time: 			25.262 seconds
##utp:{"type":"ProjectInfo","version":2,"phase":"Immediate","time":1787278017129,"processId":15576,"projectLoad":481.7003925,"projectInit":443.4680061,"templateInit":0.0,"packageManagerInit":21.4382545,"assetDatabaseInit":5.3268013,"globalIlluminationInit":0.2797737,"assembliesLoad":144.2020158,"unityExtensionsInit":0.0638842,"assetDatabaseRefresh":201.2241608,"sceneOpening":25.2616534}
##utp:{"type":"EditorInfo","version":2,"phase":"Immediate","time":1787278017129,"processId":15576,"editorVersion":"6000.3.15f1 (c1aa84e375f6)","branch":"6000.3/staging","buildType":"Release","platform":"Windows"}
[Licensing::Client] Successfully resolved entitlement details
Asset Pipeline Refresh (id=5976f5652ffa2d54faf36d0e425b2c5e): Total: 0.388 seconds - Initiated by RefreshV2(AllowForceSynchronousImport)
	Summary:
		Imports: total=0 (actual=0, local cache=0, cache server=0)
		Asset DB Process Time: managed=0 ms, native=383 ms
		Asset DB Callback time: managed=0 ms, native=3 ms
		Scripting: domain reloads=0, domain reload time=0 ms, compile time=0 ms, other=0 ms
		Project Asset Count: scripts=1333, non-scripts=2400
		Asset File Changes: new=0, changed=0, moved=0, deleted=0
		Scan Filter Count: 0
	InvokeCustomDependenciesCallbacks: 0.005ms
	InvokePackagesCallback: 8.948ms
	ApplyChangesToAssetFolders: 1.416ms
	Scan: 0.004ms
	OnSourceAssetsModified: 0.005ms
	CategorizeAssetsWithTransientArtifact: 0.015ms
	ProcessAssetsWithTransientArtifactChanges: 0.596ms
	CategorizeAssets: 246.046ms
	ImportOutOfDateAssets: 8.640ms (2.211ms without children)
		CompileScripts: 0.141ms
		ReloadNativeAssets: 0.198ms
		UnloadImportedAssets: 0.012ms
		EnsureUptoDateAssetsAreRegisteredWithGuidPM: 3.119ms
		InitializingProgressBar: 0.002ms
		PostProcessAllAssetNotificationsAddChangedAssets: 0.003ms
		OnDemandSchedulerStart: 2.954ms
	GatherAllCurrentPrimaryArtifactRevisions: 1.956ms
	UnloadStreamsBegin: 12.891ms
	PersistCurrentRevisions: 1.287ms
	UnloadStreamsEnd: 0.007ms
	Untracked: 105.815ms

Start Indexing on Editor startup
[Indexing] Starting Initial Indexing for Assets
Created GICache directory at C:/Users/Administrator/AppData/LocalLow/Unity/Caches/GiCache. Took: 0.136s, timestamps: [502.288 - 502.425]
[Licensing::Client] Successfully resolved entitlement details
[Licensing::Client] Successfully resolved entitlement details
Starting new worker id: 0 with log in C:/Users/Administrator/Desktop/Jetank-Simulation-RobotCollaboration/Robots/Logs/AssetImportWorker0.log
Starting new worker id: 1 with log in C:/Users/Administrator/Desktop/Jetank-Simulation-RobotCollaboration/Robots/Logs/AssetImportWorker1.log
Starting new worker id: 2 with log in C:/Users/Administrator/Desktop/Jetank-Simulation-RobotCollaboration/Robots/Logs/AssetImportWorker2.log
[Licensing::Client] Successfully resolved entitlement details
[Licensing::Client] Successfully resolved entitlement details
[Licensing::Client] Successfully resolved entitlement details
Starting new worker id: 3 with log in C:/Users/Administrator/Desktop/Jetank-Simulation-RobotCollaboration/Robots/Logs/AssetImportWorker3.log
Starting new worker id: 4 with log in C:/Users/Administrator/Desktop/Jetank-Simulation-RobotCollaboration/Robots/Logs/AssetImportWorker4.log
TrimDiskCacheJob: Current cache size 0mb
Worker ready: AssetImportWorker4 4
Worker ready: AssetImportWorker2 2
Worker ready: AssetImportWorker0 0
Worker ready: AssetImportWorker1 1
Worker ready: AssetImportWorker3 3
[Worker4] Start importing Assets/Scripts/RoboticArmNetworkController.cs using Guid(8b3c2c789c7104cbbbf2145150889a8e) Importer(2089858483,b0f066a214c2f5e87bad3c948f4d605d) 
[Worker4] (ScriptedImporter)
[Worker0] Start importing Assets/Scripts/RoboticArmController.cs using Guid(43afda4cfa9f94a76a1d3b9e50358902) Importer(2089858483,b0f066a214c2f5e87bad3c948f4d605d) 
[Worker0] (ScriptedImporter)
[Worker2] Start importing Assets/_Recovery/0.unity using Guid(76d072bd063392149948e92c07b8b2a5) Importer(2089858483,b0f066a214c2f5e87bad3c948f4d605d) 
[Worker2] (ScriptedImporter)
[Worker2]  -> (artifact id: 'd22aad944411ff6271cffe5d1b2d6486') in 1.2485786 seconds
[Worker4]  -> (artifact id: 'b8c94ea42df25fc3a00f9a131b8f5103') in 1.4374129 seconds
[Worker0]  -> (artifact id: '2e95b9803d28623a3ef8abd6f43b9e28') in 1.4447588 seconds
[Worker0] Start importing Assets/_Recovery using Guid(fab83dd3744bc9c47b4c34df2b4b84b4) Importer(2089858483,b0f066a214c2f5e87bad3c948f4d605d) 
[Worker0] (ScriptedImporter)
[Worker4] Start importing Assets/Scripts/ProximitySensor.cs using Guid(ab2dc359cc040da4581ae42af2f19339) Importer(2089858483,b0f066a214c2f5e87bad3c948f4d605d) 
[Worker4] (ScriptedImporter)
[Worker2] Start importing Assets/Scripts/Communication/SimQueryServer.cs using Guid(fd68aeaf899843869e9f8288b9e730ec) Importer(2089858483,b0f066a214c2f5e87bad3c948f4d605d) 
[Worker2] (ScriptedImporter)
[Worker0]  -> (artifact id: '5ae20382811fc7d7bcef4b80accbf03c') in 0.4461825 seconds
[Worker4]  -> (artifact id: '20c9263b1079f7c9ebdff068f485c53e') in 0.681145 seconds
[Worker0] Start importing Assets/Scripts/GraspableBlock.cs using Guid(4569b4666f523b242833e68c0619a5b2) Importer(2089858483,b0f066a214c2f5e87bad3c948f4d605d) 
[Worker0] (ScriptedImporter)
[Worker2]  -> (artifact id: '31b5ec7ea47208cabce2a143a4c92ad8') in 0.8796079 seconds
[Worker4] Start importing Assets/Scenes/MainScene.unity using Guid(99c9720ab356a0642a771bea13969a05) Importer(2089858483,b0f066a214c2f5e87bad3c948f4d605d) 
[Worker4] (ScriptedImporter)
[Worker2] Start importing Assets/Scripts/SimCamera.cs using Guid(44f522cb8a534f5e81d673a457c6a642) Importer(2089858483,b0f066a214c2f5e87bad3c948f4d605d) 
[Worker2] (ScriptedImporter)
[Worker0]  -> (artifact id: 'c60577249d19e2ed4ccbb4a58420f206') in 0.7201424 seconds
[Worker4]  -> (artifact id: 'c7f7abb7e44fa7824e0ee6e6e88dee53') in 0.7834093 seconds
[Worker2]  -> (artifact id: '64de19d406a2b2f4b0e9521c8d7426ad') in 0.6782197 seconds
Asset Pipeline Refresh (id=f4ff8c2d170252747a9da60e791db4d3): Total: 0.034 seconds - Initiated by RefreshV2(AllowForceSynchronousImport)
Reloading assemblies for play mode.
Reloading assemblies after forced synchronous recompile.
[Licensing::Client] Successfully resolved entitlement details
Begin MonoManager ReloadAssembly
- Loaded All Assemblies, in  7.384 seconds
Refreshing native plugins compatible for Editor in 13.35 ms, found 4 plugins.
Native extension for WindowsStandalone target not found
ScheduleIndexationOnStartup MainProcess:True IndexOnStartup:True
[MODES] ModeService[none].Initialize
[MODES] ModeService[none].LoadModes
Mono: successfully reloaded assembly
- Finished resetting the current domain, in 14.906 seconds
Domain Reload Profiling: 22273ms
	BeginReloadAssembly (4642ms)
		ExecutionOrderSort (1ms)
		DisableScriptedObjects (737ms)
		BackupInstance (0ms)
		ReleaseScriptingObjects (2ms)
		CreateAndSetChildDomain (2542ms)
	RebuildCommonClasses (302ms)
	RebuildNativeTypeToScriptingClass (118ms)
	initialDomainReloadingComplete (236ms)
	LoadAllAssembliesAndSetupDomain (2067ms)
		LoadAssemblies (1132ms)
		RebuildTransferFunctionScriptingTraits (0ms)
		AnalyzeDomain (1735ms)
			TypeCache.Refresh (53ms)
				TypeCache.ScanAssembly (0ms)
			BuildScriptInfoCaches (1543ms)
			ResolveRequiredComponents (98ms)
	FinalizeReload (14909ms)
		ReleaseScriptCaches (0ms)
		RebuildScriptCaches (0ms)
		SetupLoadedEditorAssemblies (6040ms)
			LogAssemblyErrors (0ms)
			InitializePlatformSupportModulesInManaged (172ms)
			SetLoadedEditorAssemblies (32ms)
			BeforeProcessingInitializeOnLoad (1360ms)
			ProcessInitializeOnLoadAttributes (3688ms)
			ProcessInitializeOnLoadMethodAttributes (741ms)
			AfterProcessingInitializeOnLoad (45ms)
			EditorAssembliesLoaded (2ms)
		ExecutionOrderSort2 (1ms)
		AwakeInstancesAfterBackupRestoration (5311ms)
Asset Pipeline Refresh (id=4046a04117d34144ab56f6c6fc36ca66): Total: 23.400 seconds - Initiated by StopAssetImportingV2(ForceSynchronousImport | ForceDomainReload)
	Summary:
		Imports: total=0 (actual=0, local cache=0, cache server=0)
		Asset DB Process Time: managed=0 ms, native=15637 ms
		Asset DB Callback time: managed=220 ms, native=3 ms
		Scripting: domain reloads=1, domain reload time=7528 ms, compile time=10 ms, other=0 ms
		Project Asset Count: scripts=1333, non-scripts=2400
		Asset File Changes: new=0, changed=0, moved=0, deleted=0
		Scan Filter Count: 0
	InvokeCustomDependenciesCallbacks: 0.008ms
	InvokePackagesCallback: 12.421ms
	ApplyChangesToAssetFolders: 2.212ms
	Scan: 0.003ms
	OnSourceAssetsModified: 0.013ms
	CategorizeAssetsWithTransientArtifact: 0.017ms
	ProcessAssetsWithTransientArtifactChanges: 24.742ms
	CategorizeAssets: 378.439ms
	ImportOutOfDateAssets: 14991.039ms (14938.573ms without children)
		CompileScripts: 10.335ms
		CollectScriptTypesHashes: 17.887ms
		ReloadNativeAssets: 6.488ms
		UnloadImportedAssets: 9.170ms
		EnsureUptoDateAssetsAreRegisteredWithGuidPM: 4.857ms
		InitializingProgressBar: 0.003ms
		PostProcessAllAssetNotificationsAddChangedAssets: 0.004ms
		OnDemandSchedulerStart: 3.722ms
	PostProcessAllAssets: 220.185ms
	GatherAllCurrentPrimaryArtifactRevisions: 1.336ms
	UnloadStreamsBegin: 11.393ms
	PersistCurrentRevisions: 1.409ms
	UnloadStreamsEnd: 0.007ms
	GenerateScriptTypeHashes: 32.541ms
	Untracked: 7756.511ms

Loaded scene 'Temp/__Backupscenes/0.backup'
	Deserialize:            86.250 ms
	Integration:            1979.861 ms
	Integration of assets:  1.535 ms
	Thread Wait Time:       -0.120 ms
	Total Operation Time:   2067.526 ms
[arm_01] RoboticArmNetworkController started
UnityEngine.Debug:ExtractStackTraceNoAlloc (byte*,int,string)
UnityEngine.StackTraceUtility:ExtractStackTrace ()
UnityEngine.DebugLogHandler:Internal_Log (UnityEngine.LogType,UnityEngine.LogOption,string,UnityEngine.Object)
UnityEngine.DebugLogHandler:LogFormat (UnityEngine.LogType,UnityEngine.Object,string,object[])
UnityEngine.Logger:Log (UnityEngine.LogType,object)
UnityEngine.Debug:Log (object)
RoboticArmNetworkController:Start () (at Assets/Scripts/RoboticArmNetworkController.cs:49)

(Filename: Assets/Scripts/RoboticArmNetworkController.cs Line: 49)

[arm_01] Connected to TcpServer
UnityEngine.Debug:ExtractStackTraceNoAlloc (byte*,int,string)
UnityEngine.StackTraceUtility:ExtractStackTrace ()
UnityEngine.DebugLogHandler:Internal_Log (UnityEngine.LogType,UnityEngine.LogOption,string,UnityEngine.Object)
UnityEngine.DebugLogHandler:LogFormat (UnityEngine.LogType,UnityEngine.Object,string,object[])
UnityEngine.Logger:Log (UnityEngine.LogType,object)
UnityEngine.Debug:Log (object)
RoboticArmNetworkController:Start () (at Assets/Scripts/RoboticArmNetworkController.cs:54)

(Filename: Assets/Scripts/RoboticArmNetworkController.cs Line: 54)

[truck_01] Subscribed to TcpServer
UnityEngine.Debug:ExtractStackTraceNoAlloc (byte*,int,string)
UnityEngine.StackTraceUtility:ExtractStackTrace ()
UnityEngine.DebugLogHandler:Internal_Log (UnityEngine.LogType,UnityEngine.LogOption,string,UnityEngine.Object)
UnityEngine.DebugLogHandler:LogFormat (UnityEngine.LogType,UnityEngine.Object,string,object[])
UnityEngine.Logger:Log (UnityEngine.LogType,object)
UnityEngine.Debug:Log (object)
RobotSimulator.TruckController:TrySubscribe () (at Assets/Scripts/TruckController.cs:59)
RobotSimulator.TruckController:Start () (at Assets/Scripts/TruckController.cs:31)

(Filename: Assets/Scripts/TruckController.cs Line: 59)

[truck_02] Subscribed to TcpServer
UnityEngine.Debug:ExtractStackTraceNoAlloc (byte*,int,string)
UnityEngine.StackTraceUtility:ExtractStackTrace ()
UnityEngine.DebugLogHandler:Internal_Log (UnityEngine.LogType,UnityEngine.LogOption,string,UnityEngine.Object)
UnityEngine.DebugLogHandler:LogFormat (UnityEngine.LogType,UnityEngine.Object,string,object[])
UnityEngine.Logger:Log (UnityEngine.LogType,object)
UnityEngine.Debug:Log (object)
RobotSimulator.TruckController:TrySubscribe () (at Assets/Scripts/TruckController.cs:59)
RobotSimulator.TruckController:Start () (at Assets/Scripts/TruckController.cs:31)

(Filename: Assets/Scripts/TruckController.cs Line: 59)

[arm_02] RoboticArmNetworkController started
UnityEngine.Debug:ExtractStackTraceNoAlloc (byte*,int,string)
UnityEngine.StackTraceUtility:ExtractStackTrace ()
UnityEngine.DebugLogHandler:Internal_Log (UnityEngine.LogType,UnityEngine.LogOption,string,UnityEngine.Object)
UnityEngine.DebugLogHandler:LogFormat (UnityEngine.LogType,UnityEngine.Object,string,object[])
UnityEngine.Logger:Log (UnityEngine.LogType,object)
UnityEngine.Debug:Log (object)
RoboticArmNetworkController:Start () (at Assets/Scripts/RoboticArmNetworkController.cs:49)

(Filename: Assets/Scripts/RoboticArmNetworkController.cs Line: 49)

[arm_02] Connected to TcpServer
UnityEngine.Debug:ExtractStackTraceNoAlloc (byte*,int,string)
UnityEngine.StackTraceUtility:ExtractStackTrace ()
UnityEngine.DebugLogHandler:Internal_Log (UnityEngine.LogType,UnityEngine.LogOption,string,UnityEngine.Object)
UnityEngine.DebugLogHandler:LogFormat (UnityEngine.LogType,UnityEngine.Object,string,object[])
UnityEngine.Logger:Log (UnityEngine.LogType,object)
UnityEngine.Debug:Log (object)
RoboticArmNetworkController:Start () (at Assets/Scripts/RoboticArmNetworkController.cs:54)

(Filename: Assets/Scripts/RoboticArmNetworkController.cs Line: 54)

[SimQueryServer] Listening on port 5556
UnityEngine.Debug:ExtractStackTraceNoAlloc (byte*,int,string)
UnityEngine.StackTraceUtility:ExtractStackTrace ()
UnityEngine.DebugLogHandler:Internal_Log (UnityEngine.LogType,UnityEngine.LogOption,string,UnityEngine.Object)
UnityEngine.DebugLogHandler:LogFormat (UnityEngine.LogType,UnityEngine.Object,string,object[])
UnityEngine.Logger:Log (UnityEngine.LogType,object)
UnityEngine.Debug:Log (object)
RobotSimulator.Communication.SimQueryServer:StartServer () (at Assets/Scripts/Communication/SimQueryServer.cs:52)
RobotSimulator.Communication.SimQueryServer:Start () (at Assets/Scripts/Communication/SimQueryServer.cs:43)

(Filename: Assets/Scripts/Communication/SimQueryServer.cs Line: 52)

[TcpServer] Started on port 5555
UnityEngine.Debug:ExtractStackTraceNoAlloc (byte*,int,string)
UnityEngine.StackTraceUtility:ExtractStackTrace ()
UnityEngine.DebugLogHandler:Internal_Log (UnityEngine.LogType,UnityEngine.LogOption,string,UnityEngine.Object)
UnityEngine.DebugLogHandler:LogFormat (UnityEngine.LogType,UnityEngine.Object,string,object[])
UnityEngine.Logger:Log (UnityEngine.LogType,object)
UnityEngine.Debug:Log (object)
RobotSimulator.Communication.TcpServer:StartServer () (at Assets/Scripts/Communication/TcpServer.cs:61)
RobotSimulator.Communication.TcpServer:Start () (at Assets/Scripts/Communication/TcpServer.cs:47)

(Filename: Assets/Scripts/Communication/TcpServer.cs Line: 61)

[SimCamera] RENDER GEOMETRY on 'RobotCamera'
  RenderTexture   : 640x480 (aspect 1.3333)
  Screen/GameView : 1101x505 (aspect 2.1802)
  camera.aspect   : 1.3333   (matches the RenderTexture)
  fieldOfView     : 48.80 deg vertical (FOVAxisMode False physical)
  -> horizontal   : 62.33 deg  ACTUAL
  -> horizontal   : 62.33 deg  if aspect were the RenderTexture's
  Python assumes  : 62.20 deg
  ANGLE ERROR     : 0.9979x  (1.0000 = camera and model agree)
UnityEngine.Debug:ExtractStackTraceNoAlloc (byte*,int,string)
UnityEngine.StackTraceUtility:ExtractStackTrace ()
UnityEngine.DebugLogHandler:Internal_Log (UnityEngine.LogType,UnityEngine.LogOption,string,UnityEngine.Object)
UnityEngine.DebugLogHandler:LogFormat (UnityEngine.LogType,UnityEngine.Object,string,object[])
UnityEngine.Logger:Log (UnityEngine.LogType,object)
UnityEngine.Debug:Log (object)
SimCamera:LogRenderGeometry () (at Assets/Scripts/SimCamera.cs:196)
SimCamera:CaptureFrame () (at Assets/Scripts/SimCamera.cs:132)
SimCamera:Update () (at Assets/Scripts/SimCamera.cs:104)

(Filename: Assets/Scripts/SimCamera.cs Line: 196)

[SimCamera] RENDER GEOMETRY on 'RobotCamera'
  RenderTexture   : 640x480 (aspect 1.3333)
  Screen/GameView : 1101x505 (aspect 2.1802)
  camera.aspect   : 1.3333   (matches the RenderTexture)
  fieldOfView     : 48.80 deg vertical (FOVAxisMode False physical)
  -> horizontal   : 62.33 deg  ACTUAL
  -> horizontal   : 62.33 deg  if aspect were the RenderTexture's
  Python assumes  : 62.20 deg
  ANGLE ERROR     : 0.9979x  (1.0000 = camera and model agree)
UnityEngine.Debug:ExtractStackTraceNoAlloc (byte*,int,string)
UnityEngine.StackTraceUtility:ExtractStackTrace ()
UnityEngine.DebugLogHandler:Internal_Log (UnityEngine.LogType,UnityEngine.LogOption,string,UnityEngine.Object)
UnityEngine.DebugLogHandler:LogFormat (UnityEngine.LogType,UnityEngine.Object,string,object[])
UnityEngine.Logger:Log (UnityEngine.LogType,object)
UnityEngine.Debug:Log (object)
SimCamera:LogRenderGeometry () (at Assets/Scripts/SimCamera.cs:196)
SimCamera:CaptureFrame () (at Assets/Scripts/SimCamera.cs:132)
SimCamera:Update () (at Assets/Scripts/SimCamera.cs:104)

(Filename: Assets/Scripts/SimCamera.cs Line: 196)

[Licensing::Client] Successfully resolved entitlement details
[Licensing::Client] Successfully resolved entitlement details
[Licensing::Client] Successfully resolved entitlement details
[Licensing::Client] Successfully resolved entitlement details
[TcpServer] Stopped
UnityEngine.Debug:ExtractStackTraceNoAlloc (byte*,int,string)
UnityEngine.StackTraceUtility:ExtractStackTrace ()
UnityEngine.DebugLogHandler:Internal_Log (UnityEngine.LogType,UnityEngine.LogOption,string,UnityEngine.Object)
UnityEngine.DebugLogHandler:LogFormat (UnityEngine.LogType,UnityEngine.Object,string,object[])
UnityEngine.Logger:Log (UnityEngine.LogType,object)
UnityEngine.Debug:Log (object)
RobotSimulator.Communication.TcpServer:StopServer () (at Assets/Scripts/Communication/TcpServer.cs:182)
RobotSimulator.Communication.TcpServer:OnApplicationQuit () (at Assets/Scripts/Communication/TcpServer.cs:175)

(Filename: Assets/Scripts/Communication/TcpServer.cs Line: 182)

[TcpServer] Stopped
UnityEngine.Debug:ExtractStackTraceNoAlloc (byte*,int,string)
UnityEngine.StackTraceUtility:ExtractStackTrace ()
UnityEngine.DebugLogHandler:Internal_Log (UnityEngine.LogType,UnityEngine.LogOption,string,UnityEngine.Object)
UnityEngine.DebugLogHandler:LogFormat (UnityEngine.LogType,UnityEngine.Object,string,object[])
UnityEngine.Logger:Log (UnityEngine.LogType,object)
UnityEngine.Debug:Log (object)
RobotSimulator.Communication.TcpServer:StopServer () (at Assets/Scripts/Communication/TcpServer.cs:182)
RobotSimulator.Communication.TcpServer:OnDestroy () (at Assets/Scripts/Communication/TcpServer.cs:170)

(Filename: Assets/Scripts/Communication/TcpServer.cs Line: 182)

Unloading 3 Unused Serialized files (Serialized files now loaded: 0)
Loaded scene 'Temp/__Backupscenes/0.backup'
	Deserialize:            20.265 ms
	Integration:            1597.444 ms
	Integration of assets:  2.216 ms
	Thread Wait Time:       0.081 ms
	Total Operation Time:   1620.005 ms
Unloading 95 unused Assets / (19.1 MB). Loaded Objects now: 9099.
Memory consumption went from 393.1 MB to 374.1 MB.
Total: 154.162400 ms (FindLiveObjects: 2.236600 ms CreateObjectMapping: 1.430500 ms MarkObjects: 112.378600 ms  DeleteObjects: 38.110100 ms)

[Licensing::Client] Successfully resolved entitlement details
Asset Pipeline Refresh (id=c1069fb33426c7449b4c05dd87f14464): Total: 0.043 seconds - Initiated by RefreshV2(AllowForceSynchronousImport)
Asset Pipeline Refresh (id=658578dcb86bc5c4da6b8dbd5b6d0cd8): Total: 0.024 seconds - Initiated by RefreshV2(AllowForceSynchronousImport)
Reloading assemblies for play mode.
Reloading assemblies after forced synchronous recompile.
[Licensing::Client] Successfully resolved entitlement details
Begin MonoManager ReloadAssembly
- Loaded All Assemblies, in  7.663 seconds
Refreshing native plugins compatible for Editor in 15.34 ms, found 4 plugins.
Native extension for WindowsStandalone target not found
ScheduleIndexationOnStartup MainProcess:True IndexOnStartup:True
[MODES] ModeService[none].Initialize
[MODES] ModeService[none].LoadModes
Mono: successfully reloaded assembly
- Finished resetting the current domain, in 14.718 seconds
Domain Reload Profiling: 22357ms
	BeginReloadAssembly (4654ms)
		ExecutionOrderSort (1ms)
		DisableScriptedObjects (609ms)
		BackupInstance (0ms)
		ReleaseScriptingObjects (2ms)
		CreateAndSetChildDomain (2491ms)
	RebuildCommonClasses (331ms)
	RebuildNativeTypeToScriptingClass (127ms)
	initialDomainReloadingComplete (265ms)
	LoadAllAssembliesAndSetupDomain (2259ms)
		LoadAssemblies (1204ms)
		RebuildTransferFunctionScriptingTraits (0ms)
		AnalyzeDomain (1884ms)
			TypeCache.Refresh (56ms)
				TypeCache.ScanAssembly (0ms)
			BuildScriptInfoCaches (1685ms)
			ResolveRequiredComponents (98ms)
	FinalizeReload (14722ms)
		ReleaseScriptCaches (0ms)
		RebuildScriptCaches (0ms)
		SetupLoadedEditorAssemblies (5989ms)
			LogAssemblyErrors (0ms)
			InitializePlatformSupportModulesInManaged (174ms)
			SetLoadedEditorAssemblies (31ms)
			BeforeProcessingInitializeOnLoad (1351ms)
			ProcessInitializeOnLoadAttributes (3621ms)
			ProcessInitializeOnLoadMethodAttributes (762ms)
			AfterProcessingInitializeOnLoad (48ms)
			EditorAssembliesLoaded (2ms)
		ExecutionOrderSort2 (0ms)
		AwakeInstancesAfterBackupRestoration (5119ms)
Asset Pipeline Refresh (id=7ec767387f167aa4285eca4e8110ed71): Total: 23.488 seconds - Initiated by StopAssetImportingV2(ForceSynchronousImport | ForceDomainReload)
	Summary:
		Imports: total=0 (actual=0, local cache=0, cache server=0)
		Asset DB Process Time: managed=0 ms, native=15446 ms
		Asset DB Callback time: managed=221 ms, native=2 ms
		Scripting: domain reloads=1, domain reload time=7807 ms, compile time=11 ms, other=0 ms
		Project Asset Count: scripts=1333, non-scripts=2400
		Asset File Changes: new=0, changed=0, moved=0, deleted=0
		Scan Filter Count: 0
	InvokeCustomDependenciesCallbacks: 0.007ms
	InvokePackagesCallback: 13.949ms
	ApplyChangesToAssetFolders: 2.314ms
	Scan: 0.003ms
	OnSourceAssetsModified: 0.008ms
	CategorizeAssetsWithTransientArtifact: 0.018ms
	ProcessAssetsWithTransientArtifactChanges: 25.682ms
	CategorizeAssets: 401.965ms
	ImportOutOfDateAssets: 14802.283ms (14770.318ms without children)
		CompileScripts: 10.827ms
		CollectScriptTypesHashes: 5.508ms
		ReloadNativeAssets: 6.845ms
		UnloadImportedAssets: 0.520ms
		EnsureUptoDateAssetsAreRegisteredWithGuidPM: 4.524ms
		InitializingProgressBar: 0.003ms
		PostProcessAllAssetNotificationsAddChangedAssets: 0.003ms
		OnDemandSchedulerStart: 3.736ms
	PostProcessAllAssets: 221.616ms
	GatherAllCurrentPrimaryArtifactRevisions: 1.354ms
	UnloadStreamsBegin: 0.010ms
	PersistCurrentRevisions: 1.317ms
	UnloadStreamsEnd: 0.007ms
	GenerateScriptTypeHashes: 25.665ms
	Untracked: 8017.801ms

Loaded scene 'Temp/__Backupscenes/0.backup'
	Deserialize:            23.266 ms
	Integration:            1980.698 ms
	Integration of assets:  1.281 ms
	Thread Wait Time:       0.247 ms
	Total Operation Time:   2005.493 ms
[arm_01] RoboticArmNetworkController started
UnityEngine.Debug:ExtractStackTraceNoAlloc (byte*,int,string)
UnityEngine.StackTraceUtility:ExtractStackTrace ()
UnityEngine.DebugLogHandler:Internal_Log (UnityEngine.LogType,UnityEngine.LogOption,string,UnityEngine.Object)
UnityEngine.DebugLogHandler:LogFormat (UnityEngine.LogType,UnityEngine.Object,string,object[])
UnityEngine.Logger:Log (UnityEngine.LogType,object)
UnityEngine.Debug:Log (object)
RoboticArmNetworkController:Start () (at Assets/Scripts/RoboticArmNetworkController.cs:49)

(Filename: Assets/Scripts/RoboticArmNetworkController.cs Line: 49)

[arm_01] Connected to TcpServer
UnityEngine.Debug:ExtractStackTraceNoAlloc (byte*,int,string)
UnityEngine.StackTraceUtility:ExtractStackTrace ()
UnityEngine.DebugLogHandler:Internal_Log (UnityEngine.LogType,UnityEngine.LogOption,string,UnityEngine.Object)
UnityEngine.DebugLogHandler:LogFormat (UnityEngine.LogType,UnityEngine.Object,string,object[])
UnityEngine.Logger:Log (UnityEngine.LogType,object)
UnityEngine.Debug:Log (object)
RoboticArmNetworkController:Start () (at Assets/Scripts/RoboticArmNetworkController.cs:54)

(Filename: Assets/Scripts/RoboticArmNetworkController.cs Line: 54)

[truck_01] Subscribed to TcpServer
UnityEngine.Debug:ExtractStackTraceNoAlloc (byte*,int,string)
UnityEngine.StackTraceUtility:ExtractStackTrace ()
UnityEngine.DebugLogHandler:Internal_Log (UnityEngine.LogType,UnityEngine.LogOption,string,UnityEngine.Object)
UnityEngine.DebugLogHandler:LogFormat (UnityEngine.LogType,UnityEngine.Object,string,object[])
UnityEngine.Logger:Log (UnityEngine.LogType,object)
UnityEngine.Debug:Log (object)
RobotSimulator.TruckController:TrySubscribe () (at Assets/Scripts/TruckController.cs:59)
RobotSimulator.TruckController:Start () (at Assets/Scripts/TruckController.cs:31)

(Filename: Assets/Scripts/TruckController.cs Line: 59)

[truck_02] Subscribed to TcpServer
UnityEngine.Debug:ExtractStackTraceNoAlloc (byte*,int,string)
UnityEngine.StackTraceUtility:ExtractStackTrace ()
UnityEngine.DebugLogHandler:Internal_Log (UnityEngine.LogType,UnityEngine.LogOption,string,UnityEngine.Object)
UnityEngine.DebugLogHandler:LogFormat (UnityEngine.LogType,UnityEngine.Object,string,object[])
UnityEngine.Logger:Log (UnityEngine.LogType,object)
UnityEngine.Debug:Log (object)
RobotSimulator.TruckController:TrySubscribe () (at Assets/Scripts/TruckController.cs:59)
RobotSimulator.TruckController:Start () (at Assets/Scripts/TruckController.cs:31)

(Filename: Assets/Scripts/TruckController.cs Line: 59)

[arm_02] RoboticArmNetworkController started
UnityEngine.Debug:ExtractStackTraceNoAlloc (byte*,int,string)
UnityEngine.StackTraceUtility:ExtractStackTrace ()
UnityEngine.DebugLogHandler:Internal_Log (UnityEngine.LogType,UnityEngine.LogOption,string,UnityEngine.Object)
UnityEngine.DebugLogHandler:LogFormat (UnityEngine.LogType,UnityEngine.Object,string,object[])
UnityEngine.Logger:Log (UnityEngine.LogType,object)
UnityEngine.Debug:Log (object)
RoboticArmNetworkController:Start () (at Assets/Scripts/RoboticArmNetworkController.cs:49)

(Filename: Assets/Scripts/RoboticArmNetworkController.cs Line: 49)

[arm_02] Connected to TcpServer
UnityEngine.Debug:ExtractStackTraceNoAlloc (byte*,int,string)
UnityEngine.StackTraceUtility:ExtractStackTrace ()
UnityEngine.DebugLogHandler:Internal_Log (UnityEngine.LogType,UnityEngine.LogOption,string,UnityEngine.Object)
UnityEngine.DebugLogHandler:LogFormat (UnityEngine.LogType,UnityEngine.Object,string,object[])
UnityEngine.Logger:Log (UnityEngine.LogType,object)
UnityEngine.Debug:Log (object)
RoboticArmNetworkController:Start () (at Assets/Scripts/RoboticArmNetworkController.cs:54)

(Filename: Assets/Scripts/RoboticArmNetworkController.cs Line: 54)

[SimQueryServer] Listening on port 5556
UnityEngine.Debug:ExtractStackTraceNoAlloc (byte*,int,string)
UnityEngine.StackTraceUtility:ExtractStackTrace ()
UnityEngine.DebugLogHandler:Internal_Log (UnityEngine.LogType,UnityEngine.LogOption,string,UnityEngine.Object)
UnityEngine.DebugLogHandler:LogFormat (UnityEngine.LogType,UnityEngine.Object,string,object[])
UnityEngine.Logger:Log (UnityEngine.LogType,object)
UnityEngine.Debug:Log (object)
RobotSimulator.Communication.SimQueryServer:StartServer () (at Assets/Scripts/Communication/SimQueryServer.cs:52)
RobotSimulator.Communication.SimQueryServer:Start () (at Assets/Scripts/Communication/SimQueryServer.cs:43)

(Filename: Assets/Scripts/Communication/SimQueryServer.cs Line: 52)

[TcpServer] Started on port 5555
UnityEngine.Debug:ExtractStackTraceNoAlloc (byte*,int,string)
UnityEngine.StackTraceUtility:ExtractStackTrace ()
UnityEngine.DebugLogHandler:Internal_Log (UnityEngine.LogType,UnityEngine.LogOption,string,UnityEngine.Object)
UnityEngine.DebugLogHandler:LogFormat (UnityEngine.LogType,UnityEngine.Object,string,object[])
UnityEngine.Logger:Log (UnityEngine.LogType,object)
UnityEngine.Debug:Log (object)
RobotSimulator.Communication.TcpServer:StartServer () (at Assets/Scripts/Communication/TcpServer.cs:61)
RobotSimulator.Communication.TcpServer:Start () (at Assets/Scripts/Communication/TcpServer.cs:47)

(Filename: Assets/Scripts/Communication/TcpServer.cs Line: 61)

[SimCamera] RENDER GEOMETRY on 'RobotCamera'
  RenderTexture   : 640x480 (aspect 1.3333)
  Screen/GameView : 1101x505 (aspect 2.1802)
  camera.aspect   : 1.3333   (matches the RenderTexture)
  fieldOfView     : 48.80 deg vertical (FOVAxisMode False physical)
  -> horizontal   : 62.33 deg  ACTUAL
  -> horizontal   : 62.33 deg  if aspect were the RenderTexture's
  Python assumes  : 62.20 deg
  ANGLE ERROR     : 0.9979x  (1.0000 = camera and model agree)
UnityEngine.Debug:ExtractStackTraceNoAlloc (byte*,int,string)
UnityEngine.StackTraceUtility:ExtractStackTrace ()
UnityEngine.DebugLogHandler:Internal_Log (UnityEngine.LogType,UnityEngine.LogOption,string,UnityEngine.Object)
UnityEngine.DebugLogHandler:LogFormat (UnityEngine.LogType,UnityEngine.Object,string,object[])
UnityEngine.Logger:Log (UnityEngine.LogType,object)
UnityEngine.Debug:Log (object)
SimCamera:LogRenderGeometry () (at Assets/Scripts/SimCamera.cs:196)
SimCamera:CaptureFrame () (at Assets/Scripts/SimCamera.cs:132)
SimCamera:Update () (at Assets/Scripts/SimCamera.cs:104)

(Filename: Assets/Scripts/SimCamera.cs Line: 196)

[SimCamera] RENDER GEOMETRY on 'RobotCamera'
  RenderTexture   : 640x480 (aspect 1.3333)
  Screen/GameView : 1101x505 (aspect 2.1802)
  camera.aspect   : 1.3333   (matches the RenderTexture)
  fieldOfView     : 48.80 deg vertical (FOVAxisMode False physical)
  -> horizontal   : 62.33 deg  ACTUAL
  -> horizontal   : 62.33 deg  if aspect were the RenderTexture's
  Python assumes  : 62.20 deg
  ANGLE ERROR     : 0.9979x  (1.0000 = camera and model agree)
UnityEngine.Debug:ExtractStackTraceNoAlloc (byte*,int,string)
UnityEngine.StackTraceUtility:ExtractStackTrace ()
UnityEngine.DebugLogHandler:Internal_Log (UnityEngine.LogType,UnityEngine.LogOption,string,UnityEngine.Object)
UnityEngine.DebugLogHandler:LogFormat (UnityEngine.LogType,UnityEngine.Object,string,object[])
UnityEngine.Logger:Log (UnityEngine.LogType,object)
UnityEngine.Debug:Log (object)
SimCamera:LogRenderGeometry () (at Assets/Scripts/SimCamera.cs:196)
SimCamera:CaptureFrame () (at Assets/Scripts/SimCamera.cs:132)
SimCamera:Update () (at Assets/Scripts/SimCamera.cs:104)

(Filename: Assets/Scripts/SimCamera.cs Line: 196)

[Licensing::Client] Successfully resolved entitlement details
[Licensing::Client] Successfully resolved entitlement details
[Licensing::Client] Successfully resolved entitlement details
[Licensing::Client] Successfully resolved entitlement details
Asset Pipeline Refresh (id=17a77a0222119e849aed948111735251): Total: 0.032 seconds - Initiated by RefreshV2(NoUpdateAssetOptions)
[TcpServer] Client connected
UnityEngine.Debug:ExtractStackTraceNoAlloc (byte*,int,string)
UnityEngine.StackTraceUtility:ExtractStackTrace ()
UnityEngine.DebugLogHandler:Internal_Log (UnityEngine.LogType,UnityEngine.LogOption,string,UnityEngine.Object)
UnityEngine.DebugLogHandler:LogFormat (UnityEngine.LogType,UnityEngine.Object,string,object[])
UnityEngine.Logger:Log (UnityEngine.LogType,object)
UnityEngine.Debug:Log (object)
RobotSimulator.Communication.TcpServer:ListenForClients () (at Assets/Scripts/Communication/TcpServer.cs:76)
System.Threading.ThreadHelper:ThreadStart_Context (object)
System.Threading.ExecutionContext:RunInternal (System.Threading.ExecutionContext,System.Threading.ContextCallback,object,bool)
System.Threading.ExecutionContext:Run (System.Threading.ExecutionContext,System.Threading.ContextCallback,object,bool)
System.Threading.ExecutionContext:Run (System.Threading.ExecutionContext,System.Threading.ContextCallback,object)
System.Threading.ThreadHelper:ThreadStart ()

(Filename: Assets/Scripts/Communication/TcpServer.cs Line: 76)

[SimQueryServer] Python query client connected
UnityEngine.Debug:ExtractStackTraceNoAlloc (byte*,int,string)
UnityEngine.StackTraceUtility:ExtractStackTrace ()
UnityEngine.DebugLogHandler:Internal_Log (UnityEngine.LogType,UnityEngine.LogOption,string,UnityEngine.Object)
UnityEngine.DebugLogHandler:LogFormat (UnityEngine.LogType,UnityEngine.Object,string,object[])
UnityEngine.Logger:Log (UnityEngine.LogType,object)
UnityEngine.Debug:Log (object)
RobotSimulator.Communication.SimQueryServer:ListenLoop () (at Assets/Scripts/Communication/SimQueryServer.cs:66)
System.Threading.ThreadHelper:ThreadStart_Context (object)
System.Threading.ExecutionContext:RunInternal (System.Threading.ExecutionContext,System.Threading.ContextCallback,object,bool)
System.Threading.ExecutionContext:Run (System.Threading.ExecutionContext,System.Threading.ContextCallback,object,bool)
System.Threading.ExecutionContext:Run (System.Threading.ExecutionContext,System.Threading.ContextCallback,object)
System.Threading.ThreadHelper:ThreadStart ()

(Filename: Assets/Scripts/Communication/SimQueryServer.cs Line: 66)

[truck_01] set_motors L=0.00 R=0.00 → throttle=0.00 steering=0.00
UnityEngine.Debug:ExtractStackTraceNoAlloc (byte*,int,string)
UnityEngine.StackTraceUtility:ExtractStackTrace ()
UnityEngine.DebugLogHandler:Internal_Log (UnityEngine.LogType,UnityEngine.LogOption,string,UnityEngine.Object)
UnityEngine.DebugLogHandler:LogFormat (UnityEngine.LogType,UnityEngine.Object,string,object[])
UnityEngine.Logger:Log (UnityEngine.LogType,object)
UnityEngine.Debug:Log (object)
RobotSimulator.TruckController:HandleMessage (string) (at Assets/Scripts/TruckController.cs:115)
RobotSimulator.Communication.TcpServer:Update () (at Assets/Scripts/Communication/TcpServer.cs:153)

(Filename: Assets/Scripts/TruckController.cs Line: 115)

[arm_01] Processing command: arm_set_joint
UnityEngine.Debug:ExtractStackTraceNoAlloc (byte*,int,string)
UnityEngine.StackTraceUtility:ExtractStackTrace ()
UnityEngine.DebugLogHandler:Internal_Log (UnityEngine.LogType,UnityEngine.LogOption,string,UnityEngine.Object)
UnityEngine.DebugLogHandler:LogFormat (UnityEngine.LogType,UnityEngine.Object,string,object[])
UnityEngine.Logger:Log (UnityEngine.LogType,object)
UnityEngine.Debug:Log (object)
RoboticArmNetworkController:HandleMessage (string) (at Assets/Scripts/RoboticArmNetworkController.cs:84)
RobotSimulator.Communication.TcpServer:Update () (at Assets/Scripts/Communication/TcpServer.cs:153)

(Filename: Assets/Scripts/RoboticArmNetworkController.cs Line: 84)

[arm_01] Set joint 0 to 0°
UnityEngine.Debug:ExtractStackTraceNoAlloc (byte*,int,string)
UnityEngine.StackTraceUtility:ExtractStackTrace ()
UnityEngine.DebugLogHandler:Internal_Log (UnityEngine.LogType,UnityEngine.LogOption,string,UnityEngine.Object)
UnityEngine.DebugLogHandler:LogFormat (UnityEngine.LogType,UnityEngine.Object,string,object[])
UnityEngine.Logger:Log (UnityEngine.LogType,object)
UnityEngine.Debug:Log (object)
RoboticArmNetworkController:HandleMessage (string) (at Assets/Scripts/RoboticArmNetworkController.cs:93)
RobotSimulator.Communication.TcpServer:Update () (at Assets/Scripts/Communication/TcpServer.cs:153)

(Filename: Assets/Scripts/RoboticArmNetworkController.cs Line: 93)

[arm_01] Processing command: arm_set_joint
UnityEngine.Debug:ExtractStackTraceNoAlloc (byte*,int,string)
UnityEngine.StackTraceUtility:ExtractStackTrace ()
UnityEngine.DebugLogHandler:Internal_Log (UnityEngine.LogType,UnityEngine.LogOption,string,UnityEngine.Object)
UnityEngine.DebugLogHandler:LogFormat (UnityEngine.LogType,UnityEngine.Object,string,object[])
UnityEngine.Logger:Log (UnityEngine.LogType,object)
UnityEngine.Debug:Log (object)
RoboticArmNetworkController:HandleMessage (string) (at Assets/Scripts/RoboticArmNetworkController.cs:84)
RobotSimulator.Communication.TcpServer:Update () (at Assets/Scripts/Communication/TcpServer.cs:153)

(Filename: Assets/Scripts/RoboticArmNetworkController.cs Line: 84)

[arm_01] Set joint 1 to 38.96471°
UnityEngine.Debug:ExtractStackTraceNoAlloc (byte*,int,string)
UnityEngine.StackTraceUtility:ExtractStackTrace ()
UnityEngine.DebugLogHandler:Internal_Log (UnityEngine.LogType,UnityEngine.LogOption,string,UnityEngine.Object)
UnityEngine.DebugLogHandler:LogFormat (UnityEngine.LogType,UnityEngine.Object,string,object[])
UnityEngine.Logger:Log (UnityEngine.LogType,object)
UnityEngine.Debug:Log (object)
RoboticArmNetworkController:HandleMessage (string) (at Assets/Scripts/RoboticArmNetworkController.cs:93)
RobotSimulator.Communication.TcpServer:Update () (at Assets/Scripts/Communication/TcpServer.cs:153)

(Filename: Assets/Scripts/RoboticArmNetworkController.cs Line: 93)

[arm_01] Processing command: arm_set_joint
UnityEngine.Debug:ExtractStackTraceNoAlloc (byte*,int,string)
UnityEngine.StackTraceUtility:ExtractStackTrace ()
UnityEngine.DebugLogHandler:Internal_Log (UnityEngine.LogType,UnityEngine.LogOption,string,UnityEngine.Object)
UnityEngine.DebugLogHandler:LogFormat (UnityEngine.LogType,UnityEngine.Object,string,object[])
UnityEngine.Logger:Log (UnityEngine.LogType,object)
UnityEngine.Debug:Log (object)
RoboticArmNetworkController:HandleMessage (string) (at Assets/Scripts/RoboticArmNetworkController.cs:84)
RobotSimulator.Communication.TcpServer:Update () (at Assets/Scripts/Communication/TcpServer.cs:153)

(Filename: Assets/Scripts/RoboticArmNetworkController.cs Line: 84)

[arm_01] Set joint 2 to 15.24706°
UnityEngine.Debug:ExtractStackTraceNoAlloc (byte*,int,string)
UnityEngine.StackTraceUtility:ExtractStackTrace ()
UnityEngine.DebugLogHandler:Internal_Log (UnityEngine.LogType,UnityEngine.LogOption,string,UnityEngine.Object)
UnityEngine.DebugLogHandler:LogFormat (UnityEngine.LogType,UnityEngine.Object,string,object[])
UnityEngine.Logger:Log (UnityEngine.LogType,object)
UnityEngine.Debug:Log (object)
RoboticArmNetworkController:HandleMessage (string) (at Assets/Scripts/RoboticArmNetworkController.cs:93)
RobotSimulator.Communication.TcpServer:Update () (at Assets/Scripts/Communication/TcpServer.cs:153)

(Filename: Assets/Scripts/RoboticArmNetworkController.cs Line: 93)

[arm_01] Processing command: arm_set_gripper
UnityEngine.Debug:ExtractStackTraceNoAlloc (byte*,int,string)
UnityEngine.StackTraceUtility:ExtractStackTrace ()
UnityEngine.DebugLogHandler:Internal_Log (UnityEngine.LogType,UnityEngine.LogOption,string,UnityEngine.Object)
UnityEngine.DebugLogHandler:LogFormat (UnityEngine.LogType,UnityEngine.Object,string,object[])
UnityEngine.Logger:Log (UnityEngine.LogType,object)
UnityEngine.Debug:Log (object)
RoboticArmNetworkController:HandleMessage (string) (at Assets/Scripts/RoboticArmNetworkController.cs:84)
RobotSimulator.Communication.TcpServer:Update () (at Assets/Scripts/Communication/TcpServer.cs:153)

(Filename: Assets/Scripts/RoboticArmNetworkController.cs Line: 84)

[arm_01] Set gripper to 0.00
UnityEngine.Debug:ExtractStackTraceNoAlloc (byte*,int,string)
UnityEngine.StackTraceUtility:ExtractStackTrace ()
UnityEngine.DebugLogHandler:Internal_Log (UnityEngine.LogType,UnityEngine.LogOption,string,UnityEngine.Object)
UnityEngine.DebugLogHandler:LogFormat (UnityEngine.LogType,UnityEngine.Object,string,object[])
UnityEngine.Logger:Log (UnityEngine.LogType,object)
UnityEngine.Debug:Log (object)
RoboticArmNetworkController:HandleMessage (string) (at Assets/Scripts/RoboticArmNetworkController.cs:112)
RobotSimulator.Communication.TcpServer:Update () (at Assets/Scripts/Communication/TcpServer.cs:153)

(Filename: Assets/Scripts/RoboticArmNetworkController.cs Line: 112)

[truck_01] set_motors L=0.00 R=0.00 → throttle=0.00 steering=0.00
UnityEngine.Debug:ExtractStackTraceNoAlloc (byte*,int,string)
UnityEngine.StackTraceUtility:ExtractStackTrace ()
UnityEngine.DebugLogHandler:Internal_Log (UnityEngine.LogType,UnityEngine.LogOption,string,UnityEngine.Object)
UnityEngine.DebugLogHandler:LogFormat (UnityEngine.LogType,UnityEngine.Object,string,object[])
UnityEngine.Logger:Log (UnityEngine.LogType,object)
UnityEngine.Debug:Log (object)
RobotSimulator.TruckController:HandleMessage (string) (at Assets/Scripts/TruckController.cs:115)
RobotSimulator.Communication.TcpServer:Update () (at Assets/Scripts/Communication/TcpServer.cs:153)

(Filename: Assets/Scripts/TruckController.cs Line: 115)

[arm_01] Processing command: arm_set_joint
UnityEngine.Debug:ExtractStackTraceNoAlloc (byte*,int,string)
UnityEngine.StackTraceUtility:ExtractStackTrace ()
UnityEngine.DebugLogHandler:Internal_Log (UnityEngine.LogType,UnityEngine.LogOption,string,UnityEngine.Object)
UnityEngine.DebugLogHandler:LogFormat (UnityEngine.LogType,UnityEngine.Object,string,object[])
UnityEngine.Logger:Log (UnityEngine.LogType,object)
UnityEngine.Debug:Log (object)
RoboticArmNetworkController:HandleMessage (string) (at Assets/Scripts/RoboticArmNetworkController.cs:84)
RobotSimulator.Communication.TcpServer:Update () (at Assets/Scripts/Communication/TcpServer.cs:153)

(Filename: Assets/Scripts/RoboticArmNetworkController.cs Line: 84)

[arm_01] Set joint 0 to 0°
UnityEngine.Debug:ExtractStackTraceNoAlloc (byte*,int,string)
UnityEngine.StackTraceUtility:ExtractStackTrace ()
UnityEngine.DebugLogHandler:Internal_Log (UnityEngine.LogType,UnityEngine.LogOption,string,UnityEngine.Object)
UnityEngine.DebugLogHandler:LogFormat (UnityEngine.LogType,UnityEngine.Object,string,object[])
UnityEngine.Logger:Log (UnityEngine.LogType,object)
UnityEngine.Debug:Log (object)
RoboticArmNetworkController:HandleMessage (string) (at Assets/Scripts/RoboticArmNetworkController.cs:93)
RobotSimulator.Communication.TcpServer:Update () (at Assets/Scripts/Communication/TcpServer.cs:153)

(Filename: Assets/Scripts/RoboticArmNetworkController.cs Line: 93)

[arm_01] Processing command: arm_set_joint
UnityEngine.Debug:ExtractStackTraceNoAlloc (byte*,int,string)
UnityEngine.StackTraceUtility:ExtractStackTrace ()
UnityEngine.DebugLogHandler:Internal_Log (UnityEngine.LogType,UnityEngine.LogOption,string,UnityEngine.Object)
UnityEngine.DebugLogHandler:LogFormat (UnityEngine.LogType,UnityEngine.Object,string,object[])
UnityEngine.Logger:Log (UnityEngine.LogType,object)
UnityEngine.Debug:Log (object)
RoboticArmNetworkController:HandleMessage (string) (at Assets/Scripts/RoboticArmNetworkController.cs:84)
RobotSimulator.Communication.TcpServer:Update () (at Assets/Scripts/Communication/TcpServer.cs:153)

(Filename: Assets/Scripts/RoboticArmNetworkController.cs Line: 84)

[arm_01] Set joint 1 to 38.96471°
UnityEngine.Debug:ExtractStackTraceNoAlloc (byte*,int,string)
UnityEngine.StackTraceUtility:ExtractStackTrace ()
UnityEngine.DebugLogHandler:Internal_Log (UnityEngine.LogType,UnityEngine.LogOption,string,UnityEngine.Object)
UnityEngine.DebugLogHandler:LogFormat (UnityEngine.LogType,UnityEngine.Object,string,object[])
UnityEngine.Logger:Log (UnityEngine.LogType,object)
UnityEngine.Debug:Log (object)
RoboticArmNetworkController:HandleMessage (string) (at Assets/Scripts/RoboticArmNetworkController.cs:93)
RobotSimulator.Communication.TcpServer:Update () (at Assets/Scripts/Communication/TcpServer.cs:153)

(Filename: Assets/Scripts/RoboticArmNetworkController.cs Line: 93)

[arm_01] Processing command: arm_set_joint
UnityEngine.Debug:ExtractStackTraceNoAlloc (byte*,int,string)
UnityEngine.StackTraceUtility:ExtractStackTrace ()
UnityEngine.DebugLogHandler:Internal_Log (UnityEngine.LogType,UnityEngine.LogOption,string,UnityEngine.Object)
UnityEngine.DebugLogHandler:LogFormat (UnityEngine.LogType,UnityEngine.Object,string,object[])
UnityEngine.Logger:Log (UnityEngine.LogType,object)
UnityEngine.Debug:Log (object)
RoboticArmNetworkController:HandleMessage (string) (at Assets/Scripts/RoboticArmNetworkController.cs:84)
RobotSimulator.Communication.TcpServer:Update () (at Assets/Scripts/Communication/TcpServer.cs:153)

(Filename: Assets/Scripts/RoboticArmNetworkController.cs Line: 84)

[arm_01] Set joint 2 to 15.24706°
UnityEngine.Debug:ExtractStackTraceNoAlloc (byte*,int,string)
UnityEngine.StackTraceUtility:ExtractStackTrace ()
UnityEngine.DebugLogHandler:Internal_Log (UnityEngine.LogType,UnityEngine.LogOption,string,UnityEngine.Object)
UnityEngine.DebugLogHandler:LogFormat (UnityEngine.LogType,UnityEngine.Object,string,object[])
UnityEngine.Logger:Log (UnityEngine.LogType,object)
UnityEngine.Debug:Log (object)
RoboticArmNetworkController:HandleMessage (string) (at Assets/Scripts/RoboticArmNetworkController.cs:93)
RobotSimulator.Communication.TcpServer:Update () (at Assets/Scripts/Communication/TcpServer.cs:153)

(Filename: Assets/Scripts/RoboticArmNetworkController.cs Line: 93)

[arm_01] Processing command: arm_set_gripper
UnityEngine.Debug:ExtractStackTraceNoAlloc (byte*,int,string)
UnityEngine.StackTraceUtility:ExtractStackTrace ()
UnityEngine.DebugLogHandler:Internal_Log (UnityEngine.LogType,UnityEngine.LogOption,string,UnityEngine.Object)
UnityEngine.DebugLogHandler:LogFormat (UnityEngine.LogType,UnityEngine.Object,string,object[])
UnityEngine.Logger:Log (UnityEngine.LogType,object)
UnityEngine.Debug:Log (object)
RoboticArmNetworkController:HandleMessage (string) (at Assets/Scripts/RoboticArmNetworkController.cs:84)
RobotSimulator.Communication.TcpServer:Update () (at Assets/Scripts/Communication/TcpServer.cs:153)

(Filename: Assets/Scripts/RoboticArmNetworkController.cs Line: 84)

[arm_01] Set gripper to 0.00
UnityEngine.Debug:ExtractStackTraceNoAlloc (byte*,int,string)
UnityEngine.StackTraceUtility:ExtractStackTrace ()
UnityEngine.DebugLogHandler:Internal_Log (UnityEngine.LogType,UnityEngine.LogOption,string,UnityEngine.Object)
UnityEngine.DebugLogHandler:LogFormat (UnityEngine.LogType,UnityEngine.Object,string,object[])
UnityEngine.Logger:Log (UnityEngine.LogType,object)
UnityEngine.Debug:Log (object)
RoboticArmNetworkController:HandleMessage (string) (at Assets/Scripts/RoboticArmNetworkController.cs:112)
RobotSimulator.Communication.TcpServer:Update () (at Assets/Scripts/Communication/TcpServer.cs:153)

(Filename: Assets/Scripts/RoboticArmNetworkController.cs Line: 112)

[truck_01] set_motors L=0.00 R=0.00 → throttle=0.00 steering=0.00
UnityEngine.Debug:ExtractStackTraceNoAlloc (byte*,int,string)
UnityEngine.StackTraceUtility:ExtractStackTrace ()
UnityEngine.DebugLogHandler:Internal_Log (UnityEngine.LogType,UnityEngine.LogOption,string,UnityEngine.Object)
UnityEngine.DebugLogHandler:LogFormat (UnityEngine.LogType,UnityEngine.Object,string,object[])
UnityEngine.Logger:Log (UnityEngine.LogType,object)
UnityEngine.Debug:Log (object)
RobotSimulator.TruckController:HandleMessage (string) (at Assets/Scripts/TruckController.cs:115)
RobotSimulator.Communication.TcpServer:Update () (at Assets/Scripts/Communication/TcpServer.cs:153)

(Filename: Assets/Scripts/TruckController.cs Line: 115)

[arm_01] Processing command: arm_set_joint
UnityEngine.Debug:ExtractStackTraceNoAlloc (byte*,int,string)
UnityEngine.StackTraceUtility:ExtractStackTrace ()
UnityEngine.DebugLogHandler:Internal_Log (UnityEngine.LogType,UnityEngine.LogOption,string,UnityEngine.Object)
UnityEngine.DebugLogHandler:LogFormat (UnityEngine.LogType,UnityEngine.Object,string,object[])
UnityEngine.Logger:Log (UnityEngine.LogType,object)
UnityEngine.Debug:Log (object)
RoboticArmNetworkController:HandleMessage (string) (at Assets/Scripts/RoboticArmNetworkController.cs:84)
RobotSimulator.Communication.TcpServer:Update () (at Assets/Scripts/Communication/TcpServer.cs:153)

(Filename: Assets/Scripts/RoboticArmNetworkController.cs Line: 84)

[arm_01] Set joint 0 to 0°
UnityEngine.Debug:ExtractStackTraceNoAlloc (byte*,int,string)
UnityEngine.StackTraceUtility:ExtractStackTrace ()
UnityEngine.DebugLogHandler:Internal_Log (UnityEngine.LogType,UnityEngine.LogOption,string,UnityEngine.Object)
UnityEngine.DebugLogHandler:LogFormat (UnityEngine.LogType,UnityEngine.Object,string,object[])
UnityEngine.Logger:Log (UnityEngine.LogType,object)
UnityEngine.Debug:Log (object)
RoboticArmNetworkController:HandleMessage (string) (at Assets/Scripts/RoboticArmNetworkController.cs:93)
RobotSimulator.Communication.TcpServer:Update () (at Assets/Scripts/Communication/TcpServer.cs:153)

(Filename: Assets/Scripts/RoboticArmNetworkController.cs Line: 93)

[arm_01] Processing command: arm_set_joint
UnityEngine.Debug:ExtractStackTraceNoAlloc (byte*,int,string)
UnityEngine.StackTraceUtility:ExtractStackTrace ()
UnityEngine.DebugLogHandler:Internal_Log (UnityEngine.LogType,UnityEngine.LogOption,string,UnityEngine.Object)
UnityEngine.DebugLogHandler:LogFormat (UnityEngine.LogType,UnityEngine.Object,string,object[])
UnityEngine.Logger:Log (UnityEngine.LogType,object)
UnityEngine.Debug:Log (object)
RoboticArmNetworkController:HandleMessage (string) (at Assets/Scripts/RoboticArmNetworkController.cs:84)
RobotSimulator.Communication.TcpServer:Update () (at Assets/Scripts/Communication/TcpServer.cs:153)

(Filename: Assets/Scripts/RoboticArmNetworkController.cs Line: 84)

[arm_01] Set joint 1 to 38.96471°
UnityEngine.Debug:ExtractStackTraceNoAlloc (byte*,int,string)
UnityEngine.StackTraceUtility:ExtractStackTrace ()
UnityEngine.DebugLogHandler:Internal_Log (UnityEngine.LogType,UnityEngine.LogOption,string,UnityEngine.Object)
UnityEngine.DebugLogHandler:LogFormat (UnityEngine.LogType,UnityEngine.Object,string,object[])
UnityEngine.Logger:Log (UnityEngine.LogType,object)
UnityEngine.Debug:Log (object)
RoboticArmNetworkController:HandleMessage (string) (at Assets/Scripts/RoboticArmNetworkController.cs:93)
RobotSimulator.Communication.TcpServer:Update () (at Assets/Scripts/Communication/TcpServer.cs:153)

(Filename: Assets/Scripts/RoboticArmNetworkController.cs Line: 93)

[arm_01] Processing command: arm_set_joint
UnityEngine.Debug:ExtractStackTraceNoAlloc (byte*,int,string)
UnityEngine.StackTraceUtility:ExtractStackTrace ()
UnityEngine.DebugLogHandler:Internal_Log (UnityEngine.LogType,UnityEngine.LogOption,string,UnityEngine.Object)
UnityEngine.DebugLogHandler:LogFormat (UnityEngine.LogType,UnityEngine.Object,string,object[])
UnityEngine.Logger:Log (UnityEngine.LogType,object)
UnityEngine.Debug:Log (object)
RoboticArmNetworkController:HandleMessage (string) (at Assets/Scripts/RoboticArmNetworkController.cs:84)
RobotSimulator.Communication.TcpServer:Update () (at Assets/Scripts/Communication/TcpServer.cs:153)

(Filename: Assets/Scripts/RoboticArmNetworkController.cs Line: 84)

[arm_01] Set joint 2 to 15.24706°
UnityEngine.Debug:ExtractStackTraceNoAlloc (byte*,int,string)
UnityEngine.StackTraceUtility:ExtractStackTrace ()
UnityEngine.DebugLogHandler:Internal_Log (UnityEngine.LogType,UnityEngine.LogOption,string,UnityEngine.Object)
UnityEngine.DebugLogHandler:LogFormat (UnityEngine.LogType,UnityEngine.Object,string,object[])
UnityEngine.Logger:Log (UnityEngine.LogType,object)
UnityEngine.Debug:Log (object)
RoboticArmNetworkController:HandleMessage (string) (at Assets/Scripts/RoboticArmNetworkController.cs:93)
RobotSimulator.Communication.TcpServer:Update () (at Assets/Scripts/Communication/TcpServer.cs:153)

(Filename: Assets/Scripts/RoboticArmNetworkController.cs Line: 93)

[arm_01] Processing command: arm_set_gripper
UnityEngine.Debug:ExtractStackTraceNoAlloc (byte*,int,string)
UnityEngine.StackTraceUtility:ExtractStackTrace ()
UnityEngine.DebugLogHandler:Internal_Log (UnityEngine.LogType,UnityEngine.LogOption,string,UnityEngine.Object)
UnityEngine.DebugLogHandler:LogFormat (UnityEngine.LogType,UnityEngine.Object,string,object[])
UnityEngine.Logger:Log (UnityEngine.LogType,object)
UnityEngine.Debug:Log (object)
RoboticArmNetworkController:HandleMessage (string) (at Assets/Scripts/RoboticArmNetworkController.cs:84)
RobotSimulator.Communication.TcpServer:Update () (at Assets/Scripts/Communication/TcpServer.cs:153)

(Filename: Assets/Scripts/RoboticArmNetworkController.cs Line: 84)

[arm_01] Set gripper to 0.00
UnityEngine.Debug:ExtractStackTraceNoAlloc (byte*,int,string)
UnityEngine.StackTraceUtility:ExtractStackTrace ()
UnityEngine.DebugLogHandler:Internal_Log (UnityEngine.LogType,UnityEngine.LogOption,string,UnityEngine.Object)
UnityEngine.DebugLogHandler:LogFormat (UnityEngine.LogType,UnityEngine.Object,string,object[])
UnityEngine.Logger:Log (UnityEngine.LogType,object)
UnityEngine.Debug:Log (object)
RoboticArmNetworkController:HandleMessage (string) (at Assets/Scripts/RoboticArmNetworkController.cs:112)
RobotSimulator.Communication.TcpServer:Update () (at Assets/Scripts/Communication/TcpServer.cs:153)

(Filename: Assets/Scripts/RoboticArmNetworkController.cs Line: 112)

[truck_01] set_motors L=0.00 R=0.00 → throttle=0.00 steering=0.00
UnityEngine.Debug:ExtractStackTraceNoAlloc (byte*,int,string)
UnityEngine.StackTraceUtility:ExtractStackTrace ()
UnityEngine.DebugLogHandler:Internal_Log (UnityEngine.LogType,UnityEngine.LogOption,string,UnityEngine.Object)
UnityEngine.DebugLogHandler:LogFormat (UnityEngine.LogType,UnityEngine.Object,string,object[])
UnityEngine.Logger:Log (UnityEngine.LogType,object)
UnityEngine.Debug:Log (object)
RobotSimulator.TruckController:HandleMessage (string) (at Assets/Scripts/TruckController.cs:115)
RobotSimulator.Communication.TcpServer:Update () (at Assets/Scripts/Communication/TcpServer.cs:153)

(Filename: Assets/Scripts/TruckController.cs Line: 115)

[arm_01] Processing command: arm_set_joint
UnityEngine.Debug:ExtractStackTraceNoAlloc (byte*,int,string)
UnityEngine.StackTraceUtility:ExtractStackTrace ()
UnityEngine.DebugLogHandler:Internal_Log (UnityEngine.LogType,UnityEngine.LogOption,string,UnityEngine.Object)
UnityEngine.DebugLogHandler:LogFormat (UnityEngine.LogType,UnityEngine.Object,string,object[])
UnityEngine.Logger:Log (UnityEngine.LogType,object)
UnityEngine.Debug:Log (object)
RoboticArmNetworkController:HandleMessage (string) (at Assets/Scripts/RoboticArmNetworkController.cs:84)
RobotSimulator.Communication.TcpServer:Update () (at Assets/Scripts/Communication/TcpServer.cs:153)

(Filename: Assets/Scripts/RoboticArmNetworkController.cs Line: 84)

[arm_01] Set joint 0 to 0°
UnityEngine.Debug:ExtractStackTraceNoAlloc (byte*,int,string)
UnityEngine.StackTraceUtility:ExtractStackTrace ()
UnityEngine.DebugLogHandler:Internal_Log (UnityEngine.LogType,UnityEngine.LogOption,string,UnityEngine.Object)
UnityEngine.DebugLogHandler:LogFormat (UnityEngine.LogType,UnityEngine.Object,string,object[])
UnityEngine.Logger:Log (UnityEngine.LogType,object)
UnityEngine.Debug:Log (object)
RoboticArmNetworkController:HandleMessage (string) (at Assets/Scripts/RoboticArmNetworkController.cs:93)
RobotSimulator.Communication.TcpServer:Update () (at Assets/Scripts/Communication/TcpServer.cs:153)

(Filename: Assets/Scripts/RoboticArmNetworkController.cs Line: 93)

[arm_01] Processing command: arm_set_joint
UnityEngine.Debug:ExtractStackTraceNoAlloc (byte*,int,string)
UnityEngine.StackTraceUtility:ExtractStackTrace ()
UnityEngine.DebugLogHandler:Internal_Log (UnityEngine.LogType,UnityEngine.LogOption,string,UnityEngine.Object)
UnityEngine.DebugLogHandler:LogFormat (UnityEngine.LogType,UnityEngine.Object,string,object[])
UnityEngine.Logger:Log (UnityEngine.LogType,object)
UnityEngine.Debug:Log (object)
RoboticArmNetworkController:HandleMessage (string) (at Assets/Scripts/RoboticArmNetworkController.cs:84)
RobotSimulator.Communication.TcpServer:Update () (at Assets/Scripts/Communication/TcpServer.cs:153)

(Filename: Assets/Scripts/RoboticArmNetworkController.cs Line: 84)

[arm_01] Set joint 1 to 38.96471°
UnityEngine.Debug:ExtractStackTraceNoAlloc (byte*,int,string)
UnityEngine.StackTraceUtility:ExtractStackTrace ()
UnityEngine.DebugLogHandler:Internal_Log (UnityEngine.LogType,UnityEngine.LogOption,string,UnityEngine.Object)
UnityEngine.DebugLogHandler:LogFormat (UnityEngine.LogType,UnityEngine.Object,string,object[])
UnityEngine.Logger:Log (UnityEngine.LogType,object)
UnityEngine.Debug:Log (object)
RoboticArmNetworkController:HandleMessage (string) (at Assets/Scripts/RoboticArmNetworkController.cs:93)
RobotSimulator.Communication.TcpServer:Update () (at Assets/Scripts/Communication/TcpServer.cs:153)

(Filename: Assets/Scripts/RoboticArmNetworkController.cs Line: 93)

[arm_01] Processing command: arm_set_joint
UnityEngine.Debug:ExtractStackTraceNoAlloc (byte*,int,string)
UnityEngine.StackTraceUtility:ExtractStackTrace ()
UnityEngine.DebugLogHandler:Internal_Log (UnityEngine.LogType,UnityEngine.LogOption,string,UnityEngine.Object)
UnityEngine.DebugLogHandler:LogFormat (UnityEngine.LogType,UnityEngine.Object,string,object[])
UnityEngine.Logger:Log (UnityEngine.LogType,object)
UnityEngine.Debug:Log (object)
RoboticArmNetworkController:HandleMessage (string) (at Assets/Scripts/RoboticArmNetworkController.cs:84)
RobotSimulator.Communication.TcpServer:Update () (at Assets/Scripts/Communication/TcpServer.cs:153)

(Filename: Assets/Scripts/RoboticArmNetworkController.cs Line: 84)

[arm_01] Set joint 2 to 15.24706°
UnityEngine.Debug:ExtractStackTraceNoAlloc (byte*,int,string)
UnityEngine.StackTraceUtility:ExtractStackTrace ()
UnityEngine.DebugLogHandler:Internal_Log (UnityEngine.LogType,UnityEngine.LogOption,string,UnityEngine.Object)
UnityEngine.DebugLogHandler:LogFormat (UnityEngine.LogType,UnityEngine.Object,string,object[])
UnityEngine.Logger:Log (UnityEngine.LogType,object)
UnityEngine.Debug:Log (object)
RoboticArmNetworkController:HandleMessage (string) (at Assets/Scripts/RoboticArmNetworkController.cs:93)
RobotSimulator.Communication.TcpServer:Update () (at Assets/Scripts/Communication/TcpServer.cs:153)

(Filename: Assets/Scripts/RoboticArmNetworkController.cs Line: 93)

[arm_01] Processing command: arm_set_gripper
UnityEngine.Debug:ExtractStackTraceNoAlloc (byte*,int,string)
UnityEngine.StackTraceUtility:ExtractStackTrace ()
UnityEngine.DebugLogHandler:Internal_Log (UnityEngine.LogType,UnityEngine.LogOption,string,UnityEngine.Object)
UnityEngine.DebugLogHandler:LogFormat (UnityEngine.LogType,UnityEngine.Object,string,object[])
UnityEngine.Logger:Log (UnityEngine.LogType,object)
UnityEngine.Debug:Log (object)
RoboticArmNetworkController:HandleMessage (string) (at Assets/Scripts/RoboticArmNetworkController.cs:84)
RobotSimulator.Communication.TcpServer:Update () (at Assets/Scripts/Communication/TcpServer.cs:153)

(Filename: Assets/Scripts/RoboticArmNetworkController.cs Line: 84)

[arm_01] Set gripper to 0.00
UnityEngine.Debug:ExtractStackTraceNoAlloc (byte*,int,string)
UnityEngine.StackTraceUtility:ExtractStackTrace ()
UnityEngine.DebugLogHandler:Internal_Log (UnityEngine.LogType,UnityEngine.LogOption,string,UnityEngine.Object)
UnityEngine.DebugLogHandler:LogFormat (UnityEngine.LogType,UnityEngine.Object,string,object[])
UnityEngine.Logger:Log (UnityEngine.LogType,object)
UnityEngine.Debug:Log (object)
RoboticArmNetworkController:HandleMessage (string) (at Assets/Scripts/RoboticArmNetworkController.cs:112)
RobotSimulator.Communication.TcpServer:Update () (at Assets/Scripts/Communication/TcpServer.cs:153)

(Filename: Assets/Scripts/RoboticArmNetworkController.cs Line: 112)

[truck_01] set_motors L=0.00 R=0.00 → throttle=0.00 steering=0.00
UnityEngine.Debug:ExtractStackTraceNoAlloc (byte*,int,string)
UnityEngine.StackTraceUtility:ExtractStackTrace ()
UnityEngine.DebugLogHandler:Internal_Log (UnityEngine.LogType,UnityEngine.LogOption,string,UnityEngine.Object)
UnityEngine.DebugLogHandler:LogFormat (UnityEngine.LogType,UnityEngine.Object,string,object[])
UnityEngine.Logger:Log (UnityEngine.LogType,object)
UnityEngine.Debug:Log (object)
RobotSimulator.TruckController:HandleMessage (string) (at Assets/Scripts/TruckController.cs:115)
RobotSimulator.Communication.TcpServer:Update () (at Assets/Scripts/Communication/TcpServer.cs:153)

(Filename: Assets/Scripts/TruckController.cs Line: 115)

[arm_01] Processing command: arm_set_joint
UnityEngine.Debug:ExtractStackTraceNoAlloc (byte*,int,string)
UnityEngine.StackTraceUtility:ExtractStackTrace ()
UnityEngine.DebugLogHandler:Internal_Log (UnityEngine.LogType,UnityEngine.LogOption,string,UnityEngine.Object)
UnityEngine.DebugLogHandler:LogFormat (UnityEngine.LogType,UnityEngine.Object,string,object[])
UnityEngine.Logger:Log (UnityEngine.LogType,object)
UnityEngine.Debug:Log (object)
RoboticArmNetworkController:HandleMessage (string) (at Assets/Scripts/RoboticArmNetworkController.cs:84)
RobotSimulator.Communication.TcpServer:Update () (at Assets/Scripts/Communication/TcpServer.cs:153)

(Filename: Assets/Scripts/RoboticArmNetworkController.cs Line: 84)

[arm_01] Set joint 0 to 0°
UnityEngine.Debug:ExtractStackTraceNoAlloc (byte*,int,string)
UnityEngine.StackTraceUtility:ExtractStackTrace ()
UnityEngine.DebugLogHandler:Internal_Log (UnityEngine.LogType,UnityEngine.LogOption,string,UnityEngine.Object)
UnityEngine.DebugLogHandler:LogFormat (UnityEngine.LogType,UnityEngine.Object,string,object[])
UnityEngine.Logger:Log (UnityEngine.LogType,object)
UnityEngine.Debug:Log (object)
RoboticArmNetworkController:HandleMessage (string) (at Assets/Scripts/RoboticArmNetworkController.cs:93)
RobotSimulator.Communication.TcpServer:Update () (at Assets/Scripts/Communication/TcpServer.cs:153)

(Filename: Assets/Scripts/RoboticArmNetworkController.cs Line: 93)

[arm_01] Processing command: arm_set_joint
UnityEngine.Debug:ExtractStackTraceNoAlloc (byte*,int,string)
UnityEngine.StackTraceUtility:ExtractStackTrace ()
UnityEngine.DebugLogHandler:Internal_Log (UnityEngine.LogType,UnityEngine.LogOption,string,UnityEngine.Object)
UnityEngine.DebugLogHandler:LogFormat (UnityEngine.LogType,UnityEngine.Object,string,object[])
UnityEngine.Logger:Log (UnityEngine.LogType,object)
UnityEngine.Debug:Log (object)
RoboticArmNetworkController:HandleMessage (string) (at Assets/Scripts/RoboticArmNetworkController.cs:84)
RobotSimulator.Communication.TcpServer:Update () (at Assets/Scripts/Communication/TcpServer.cs:153)

(Filename: Assets/Scripts/RoboticArmNetworkController.cs Line: 84)

[arm_01] Set joint 1 to 38.96471°
UnityEngine.Debug:ExtractStackTraceNoAlloc (byte*,int,string)
UnityEngine.StackTraceUtility:ExtractStackTrace ()
UnityEngine.DebugLogHandler:Internal_Log (UnityEngine.LogType,UnityEngine.LogOption,string,UnityEngine.Object)
UnityEngine.DebugLogHandler:LogFormat (UnityEngine.LogType,UnityEngine.Object,string,object[])
UnityEngine.Logger:Log (UnityEngine.LogType,object)
UnityEngine.Debug:Log (object)
RoboticArmNetworkController:HandleMessage (string) (at Assets/Scripts/RoboticArmNetworkController.cs:93)
RobotSimulator.Communication.TcpServer:Update () (at Assets/Scripts/Communication/TcpServer.cs:153)

(Filename: Assets/Scripts/RoboticArmNetworkController.cs Line: 93)

[arm_01] Processing command: arm_set_joint
UnityEngine.Debug:ExtractStackTraceNoAlloc (byte*,int,string)
UnityEngine.StackTraceUtility:ExtractStackTrace ()
UnityEngine.DebugLogHandler:Internal_Log (UnityEngine.LogType,UnityEngine.LogOption,string,UnityEngine.Object)
UnityEngine.DebugLogHandler:LogFormat (UnityEngine.LogType,UnityEngine.Object,string,object[])
UnityEngine.Logger:Log (UnityEngine.LogType,object)
UnityEngine.Debug:Log (object)
RoboticArmNetworkController:HandleMessage (string) (at Assets/Scripts/RoboticArmNetworkController.cs:84)
RobotSimulator.Communication.TcpServer:Update () (at Assets/Scripts/Communication/TcpServer.cs:153)

(Filename: Assets/Scripts/RoboticArmNetworkController.cs Line: 84)

[arm_01] Set joint 2 to 15.24706°
UnityEngine.Debug:ExtractStackTraceNoAlloc (byte*,int,string)
UnityEngine.StackTraceUtility:ExtractStackTrace ()
UnityEngine.DebugLogHandler:Internal_Log (UnityEngine.LogType,UnityEngine.LogOption,string,UnityEngine.Object)
UnityEngine.DebugLogHandler:LogFormat (UnityEngine.LogType,UnityEngine.Object,string,object[])
UnityEngine.Logger:Log (UnityEngine.LogType,object)
UnityEngine.Debug:Log (object)
RoboticArmNetworkController:HandleMessage (string) (at Assets/Scripts/RoboticArmNetworkController.cs:93)
RobotSimulator.Communication.TcpServer:Update () (at Assets/Scripts/Communication/TcpServer.cs:153)

(Filename: Assets/Scripts/RoboticArmNetworkController.cs Line: 93)

[arm_01] Processing command: arm_set_gripper
UnityEngine.Debug:ExtractStackTraceNoAlloc (byte*,int,string)
UnityEngine.StackTraceUtility:ExtractStackTrace ()
UnityEngine.DebugLogHandler:Internal_Log (UnityEngine.LogType,UnityEngine.LogOption,string,UnityEngine.Object)
UnityEngine.DebugLogHandler:LogFormat (UnityEngine.LogType,UnityEngine.Object,string,object[])
UnityEngine.Logger:Log (UnityEngine.LogType,object)
UnityEngine.Debug:Log (object)
RoboticArmNetworkController:HandleMessage (string) (at Assets/Scripts/RoboticArmNetworkController.cs:84)
RobotSimulator.Communication.TcpServer:Update () (at Assets/Scripts/Communication/TcpServer.cs:153)

(Filename: Assets/Scripts/RoboticArmNetworkController.cs Line: 84)

[arm_01] Set gripper to 0.00
UnityEngine.Debug:ExtractStackTraceNoAlloc (byte*,int,string)
UnityEngine.StackTraceUtility:ExtractStackTrace ()
UnityEngine.DebugLogHandler:Internal_Log (UnityEngine.LogType,UnityEngine.LogOption,string,UnityEngine.Object)
UnityEngine.DebugLogHandler:LogFormat (UnityEngine.LogType,UnityEngine.Object,string,object[])
UnityEngine.Logger:Log (UnityEngine.LogType,object)
UnityEngine.Debug:Log (object)
RoboticArmNetworkController:HandleMessage (string) (at Assets/Scripts/RoboticArmNetworkController.cs:112)
RobotSimulator.Communication.TcpServer:Update () (at Assets/Scripts/Communication/TcpServer.cs:153)

(Filename: Assets/Scripts/RoboticArmNetworkController.cs Line: 112)

[truck_01] set_motors L=0.00 R=0.00 → throttle=0.00 steering=0.00
UnityEngine.Debug:ExtractStackTraceNoAlloc (byte*,int,string)
UnityEngine.StackTraceUtility:ExtractStackTrace ()
UnityEngine.DebugLogHandler:Internal_Log (UnityEngine.LogType,UnityEngine.LogOption,string,UnityEngine.Object)
UnityEngine.DebugLogHandler:LogFormat (UnityEngine.LogType,UnityEngine.Object,string,object[])
UnityEngine.Logger:Log (UnityEngine.LogType,object)
UnityEngine.Debug:Log (object)
RobotSimulator.TruckController:HandleMessage (string) (at Assets/Scripts/TruckController.cs:115)
RobotSimulator.Communication.TcpServer:Update () (at Assets/Scripts/Communication/TcpServer.cs:153)

(Filename: Assets/Scripts/TruckController.cs Line: 115)

[arm_01] Processing command: arm_set_joint
UnityEngine.Debug:ExtractStackTraceNoAlloc (byte*,int,string)
UnityEngine.StackTraceUtility:ExtractStackTrace ()
UnityEngine.DebugLogHandler:Internal_Log (UnityEngine.LogType,UnityEngine.LogOption,string,UnityEngine.Object)
UnityEngine.DebugLogHandler:LogFormat (UnityEngine.LogType,UnityEngine.Object,string,object[])
UnityEngine.Logger:Log (UnityEngine.LogType,object)
UnityEngine.Debug:Log (object)
RoboticArmNetworkController:HandleMessage (string) (at Assets/Scripts/RoboticArmNetworkController.cs:84)
RobotSimulator.Communication.TcpServer:Update () (at Assets/Scripts/Communication/TcpServer.cs:153)

(Filename: Assets/Scripts/RoboticArmNetworkController.cs Line: 84)

[arm_01] Set joint 0 to 0°
UnityEngine.Debug:ExtractStackTraceNoAlloc (byte*,int,string)
UnityEngine.StackTraceUtility:ExtractStackTrace ()
UnityEngine.DebugLogHandler:Internal_Log (UnityEngine.LogType,UnityEngine.LogOption,string,UnityEngine.Object)
UnityEngine.DebugLogHandler:LogFormat (UnityEngine.LogType,UnityEngine.Object,string,object[])
UnityEngine.Logger:Log (UnityEngine.LogType,object)
UnityEngine.Debug:Log (object)
RoboticArmNetworkController:HandleMessage (string) (at Assets/Scripts/RoboticArmNetworkController.cs:93)
RobotSimulator.Communication.TcpServer:Update () (at Assets/Scripts/Communication/TcpServer.cs:153)

(Filename: Assets/Scripts/RoboticArmNetworkController.cs Line: 93)

[arm_01] Processing command: arm_set_joint
UnityEngine.Debug:ExtractStackTraceNoAlloc (byte*,int,string)
UnityEngine.StackTraceUtility:ExtractStackTrace ()
UnityEngine.DebugLogHandler:Internal_Log (UnityEngine.LogType,UnityEngine.LogOption,string,UnityEngine.Object)
UnityEngine.DebugLogHandler:LogFormat (UnityEngine.LogType,UnityEngine.Object,string,object[])
UnityEngine.Logger:Log (UnityEngine.LogType,object)
UnityEngine.Debug:Log (object)
RoboticArmNetworkController:HandleMessage (string) (at Assets/Scripts/RoboticArmNetworkController.cs:84)
RobotSimulator.Communication.TcpServer:Update () (at Assets/Scripts/Communication/TcpServer.cs:153)

(Filename: Assets/Scripts/RoboticArmNetworkController.cs Line: 84)

[arm_01] Set joint 1 to 38.96471°
UnityEngine.Debug:ExtractStackTraceNoAlloc (byte*,int,string)
UnityEngine.StackTraceUtility:ExtractStackTrace ()
UnityEngine.DebugLogHandler:Internal_Log (UnityEngine.LogType,UnityEngine.LogOption,string,UnityEngine.Object)
UnityEngine.DebugLogHandler:LogFormat (UnityEngine.LogType,UnityEngine.Object,string,object[])
UnityEngine.Logger:Log (UnityEngine.LogType,object)
UnityEngine.Debug:Log (object)
RoboticArmNetworkController:HandleMessage (string) (at Assets/Scripts/RoboticArmNetworkController.cs:93)
RobotSimulator.Communication.TcpServer:Update () (at Assets/Scripts/Communication/TcpServer.cs:153)

(Filename: Assets/Scripts/RoboticArmNetworkController.cs Line: 93)

[arm_01] Processing command: arm_set_joint
UnityEngine.Debug:ExtractStackTraceNoAlloc (byte*,int,string)
UnityEngine.StackTraceUtility:ExtractStackTrace ()
UnityEngine.DebugLogHandler:Internal_Log (UnityEngine.LogType,UnityEngine.LogOption,string,UnityEngine.Object)
UnityEngine.DebugLogHandler:LogFormat (UnityEngine.LogType,UnityEngine.Object,string,object[])
UnityEngine.Logger:Log (UnityEngine.LogType,object)
UnityEngine.Debug:Log (object)
RoboticArmNetworkController:HandleMessage (string) (at Assets/Scripts/RoboticArmNetworkController.cs:84)
RobotSimulator.Communication.TcpServer:Update () (at Assets/Scripts/Communication/TcpServer.cs:153)

(Filename: Assets/Scripts/RoboticArmNetworkController.cs Line: 84)

[arm_01] Set joint 2 to 15.24706°
UnityEngine.Debug:ExtractStackTraceNoAlloc (byte*,int,string)
UnityEngine.StackTraceUtility:ExtractStackTrace ()
UnityEngine.DebugLogHandler:Internal_Log (UnityEngine.LogType,UnityEngine.LogOption,string,UnityEngine.Object)
UnityEngine.DebugLogHandler:LogFormat (UnityEngine.LogType,UnityEngine.Object,string,object[])
UnityEngine.Logger:Log (UnityEngine.LogType,object)
UnityEngine.Debug:Log (object)
RoboticArmNetworkController:HandleMessage (string) (at Assets/Scripts/RoboticArmNetworkController.cs:93)
RobotSimulator.Communication.TcpServer:Update () (at Assets/Scripts/Communication/TcpServer.cs:153)

(Filename: Assets/Scripts/RoboticArmNetworkController.cs Line: 93)

[arm_01] Processing command: arm_set_gripper
UnityEngine.Debug:ExtractStackTraceNoAlloc (byte*,int,string)
UnityEngine.StackTraceUtility:ExtractStackTrace ()
UnityEngine.DebugLogHandler:Internal_Log (UnityEngine.LogType,UnityEngine.LogOption,string,UnityEngine.Object)
UnityEngine.DebugLogHandler:LogFormat (UnityEngine.LogType,UnityEngine.Object,string,object[])
UnityEngine.Logger:Log (UnityEngine.LogType,object)
UnityEngine.Debug:Log (object)
RoboticArmNetworkController:HandleMessage (string) (at Assets/Scripts/RoboticArmNetworkController.cs:84)
RobotSimulator.Communication.TcpServer:Update () (at Assets/Scripts/Communication/TcpServer.cs:153)

(Filename: Assets/Scripts/RoboticArmNetworkController.cs Line: 84)

[arm_01] Set gripper to 0.00
UnityEngine.Debug:ExtractStackTraceNoAlloc (byte*,int,string)
UnityEngine.StackTraceUtility:ExtractStackTrace ()
UnityEngine.DebugLogHandler:Internal_Log (UnityEngine.LogType,UnityEngine.LogOption,string,UnityEngine.Object)
UnityEngine.DebugLogHandler:LogFormat (UnityEngine.LogType,UnityEngine.Object,string,object[])
UnityEngine.Logger:Log (UnityEngine.LogType,object)
UnityEngine.Debug:Log (object)
RoboticArmNetworkController:HandleMessage (string) (at Assets/Scripts/RoboticArmNetworkController.cs:112)
RobotSimulator.Communication.TcpServer:Update () (at Assets/Scripts/Communication/TcpServer.cs:153)

(Filename: Assets/Scripts/RoboticArmNetworkController.cs Line: 112)

[truck_01] set_motors L=0.00 R=0.00 → throttle=0.00 steering=0.00
UnityEngine.Debug:ExtractStackTraceNoAlloc (byte*,int,string)
UnityEngine.StackTraceUtility:ExtractStackTrace ()
UnityEngine.DebugLogHandler:Internal_Log (UnityEngine.LogType,UnityEngine.LogOption,string,UnityEngine.Object)
UnityEngine.DebugLogHandler:LogFormat (UnityEngine.LogType,UnityEngine.Object,string,object[])
UnityEngine.Logger:Log (UnityEngine.LogType,object)
UnityEngine.Debug:Log (object)
RobotSimulator.TruckController:HandleMessage (string) (at Assets/Scripts/TruckController.cs:115)
RobotSimulator.Communication.TcpServer:Update () (at Assets/Scripts/Communication/TcpServer.cs:153)

(Filename: Assets/Scripts/TruckController.cs Line: 115)

[arm_01] Processing command: arm_set_joint
UnityEngine.Debug:ExtractStackTraceNoAlloc (byte*,int,string)
UnityEngine.StackTraceUtility:ExtractStackTrace ()
UnityEngine.DebugLogHandler:Internal_Log (UnityEngine.LogType,UnityEngine.LogOption,string,UnityEngine.Object)
UnityEngine.DebugLogHandler:LogFormat (UnityEngine.LogType,UnityEngine.Object,string,object[])
UnityEngine.Logger:Log (UnityEngine.LogType,object)
UnityEngine.Debug:Log (object)
RoboticArmNetworkController:HandleMessage (string) (at Assets/Scripts/RoboticArmNetworkController.cs:84)
RobotSimulator.Communication.TcpServer:Update () (at Assets/Scripts/Communication/TcpServer.cs:153)

(Filename: Assets/Scripts/RoboticArmNetworkController.cs Line: 84)

[arm_01] Set joint 0 to 0°
UnityEngine.Debug:ExtractStackTraceNoAlloc (byte*,int,string)
UnityEngine.StackTraceUtility:ExtractStackTrace ()
UnityEngine.DebugLogHandler:Internal_Log (UnityEngine.LogType,UnityEngine.LogOption,string,UnityEngine.Object)
UnityEngine.DebugLogHandler:LogFormat (UnityEngine.LogType,UnityEngine.Object,string,object[])
UnityEngine.Logger:Log (UnityEngine.LogType,object)
UnityEngine.Debug:Log (object)
RoboticArmNetworkController:HandleMessage (string) (at Assets/Scripts/RoboticArmNetworkController.cs:93)
RobotSimulator.Communication.TcpServer:Update () (at Assets/Scripts/Communication/TcpServer.cs:153)

(Filename: Assets/Scripts/RoboticArmNetworkController.cs Line: 93)

[arm_01] Processing command: arm_set_joint
UnityEngine.Debug:ExtractStackTraceNoAlloc (byte*,int,string)
UnityEngine.StackTraceUtility:ExtractStackTrace ()
UnityEngine.DebugLogHandler:Internal_Log (UnityEngine.LogType,UnityEngine.LogOption,string,UnityEngine.Object)
UnityEngine.DebugLogHandler:LogFormat (UnityEngine.LogType,UnityEngine.Object,string,object[])
UnityEngine.Logger:Log (UnityEngine.LogType,object)
UnityEngine.Debug:Log (object)
RoboticArmNetworkController:HandleMessage (string) (at Assets/Scripts/RoboticArmNetworkController.cs:84)
RobotSimulator.Communication.TcpServer:Update () (at Assets/Scripts/Communication/TcpServer.cs:153)

(Filename: Assets/Scripts/RoboticArmNetworkController.cs Line: 84)

[arm_01] Set joint 1 to 38.96471°
UnityEngine.Debug:ExtractStackTraceNoAlloc (byte*,int,string)
UnityEngine.StackTraceUtility:ExtractStackTrace ()
UnityEngine.DebugLogHandler:Internal_Log (UnityEngine.LogType,UnityEngine.LogOption,string,UnityEngine.Object)
UnityEngine.DebugLogHandler:LogFormat (UnityEngine.LogType,UnityEngine.Object,string,object[])
UnityEngine.Logger:Log (UnityEngine.LogType,object)
UnityEngine.Debug:Log (object)
RoboticArmNetworkController:HandleMessage (string) (at Assets/Scripts/RoboticArmNetworkController.cs:93)
RobotSimulator.Communication.TcpServer:Update () (at Assets/Scripts/Communication/TcpServer.cs:153)

(Filename: Assets/Scripts/RoboticArmNetworkController.cs Line: 93)

[arm_01] Processing command: arm_set_joint
UnityEngine.Debug:ExtractStackTraceNoAlloc (byte*,int,string)
UnityEngine.StackTraceUtility:ExtractStackTrace ()
UnityEngine.DebugLogHandler:Internal_Log (UnityEngine.LogType,UnityEngine.LogOption,string,UnityEngine.Object)
UnityEngine.DebugLogHandler:LogFormat (UnityEngine.LogType,UnityEngine.Object,string,object[])
UnityEngine.Logger:Log (UnityEngine.LogType,object)
UnityEngine.Debug:Log (object)
RoboticArmNetworkController:HandleMessage (string) (at Assets/Scripts/RoboticArmNetworkController.cs:84)
RobotSimulator.Communication.TcpServer:Update () (at Assets/Scripts/Communication/TcpServer.cs:153)

(Filename: Assets/Scripts/RoboticArmNetworkController.cs Line: 84)

[arm_01] Set joint 2 to 15.24706°
UnityEngine.Debug:ExtractStackTraceNoAlloc (byte*,int,string)
UnityEngine.StackTraceUtility:ExtractStackTrace ()
UnityEngine.DebugLogHandler:Internal_Log (UnityEngine.LogType,UnityEngine.LogOption,string,UnityEngine.Object)
UnityEngine.DebugLogHandler:LogFormat (UnityEngine.LogType,UnityEngine.Object,string,object[])
UnityEngine.Logger:Log (UnityEngine.LogType,object)
UnityEngine.Debug:Log (object)
RoboticArmNetworkController:HandleMessage (string) (at Assets/Scripts/RoboticArmNetworkController.cs:93)
RobotSimulator.Communication.TcpServer:Update () (at Assets/Scripts/Communication/TcpServer.cs:153)

(Filename: Assets/Scripts/RoboticArmNetworkController.cs Line: 93)

[arm_01] Processing command: arm_set_gripper
UnityEngine.Debug:ExtractStackTraceNoAlloc (byte*,int,string)
UnityEngine.StackTraceUtility:ExtractStackTrace ()
UnityEngine.DebugLogHandler:Internal_Log (UnityEngine.LogType,UnityEngine.LogOption,string,UnityEngine.Object)
UnityEngine.DebugLogHandler:LogFormat (UnityEngine.LogType,UnityEngine.Object,string,object[])
UnityEngine.Logger:Log (UnityEngine.LogType,object)
UnityEngine.Debug:Log (object)
RoboticArmNetworkController:HandleMessage (string) (at Assets/Scripts/RoboticArmNetworkController.cs:84)
RobotSimulator.Communication.TcpServer:Update () (at Assets/Scripts/Communication/TcpServer.cs:153)

(Filename: Assets/Scripts/RoboticArmNetworkController.cs Line: 84)

[arm_01] Set gripper to 0.00
UnityEngine.Debug:ExtractStackTraceNoAlloc (byte*,int,string)
UnityEngine.StackTraceUtility:ExtractStackTrace ()
UnityEngine.DebugLogHandler:Internal_Log (UnityEngine.LogType,UnityEngine.LogOption,string,UnityEngine.Object)
UnityEngine.DebugLogHandler:LogFormat (UnityEngine.LogType,UnityEngine.Object,string,object[])
UnityEngine.Logger:Log (UnityEngine.LogType,object)
UnityEngine.Debug:Log (object)
RoboticArmNetworkController:HandleMessage (string) (at Assets/Scripts/RoboticArmNetworkController.cs:112)
RobotSimulator.Communication.TcpServer:Update () (at Assets/Scripts/Communication/TcpServer.cs:153)

(Filename: Assets/Scripts/RoboticArmNetworkController.cs Line: 112)

[truck_01] set_motors L=0.00 R=0.00 → throttle=0.00 steering=0.00
UnityEngine.Debug:ExtractStackTraceNoAlloc (byte*,int,string)
UnityEngine.StackTraceUtility:ExtractStackTrace ()
UnityEngine.DebugLogHandler:Internal_Log (UnityEngine.LogType,UnityEngine.LogOption,string,UnityEngine.Object)
UnityEngine.DebugLogHandler:LogFormat (UnityEngine.LogType,UnityEngine.Object,string,object[])
UnityEngine.Logger:Log (UnityEngine.LogType,object)
UnityEngine.Debug:Log (object)
RobotSimulator.TruckController:HandleMessage (string) (at Assets/Scripts/TruckController.cs:115)
RobotSimulator.Communication.TcpServer:Update () (at Assets/Scripts/Communication/TcpServer.cs:153)

(Filename: Assets/Scripts/TruckController.cs Line: 115)

[arm_01] Processing command: arm_set_joint
UnityEngine.Debug:ExtractStackTraceNoAlloc (byte*,int,string)
UnityEngine.StackTraceUtility:ExtractStackTrace ()
UnityEngine.DebugLogHandler:Internal_Log (UnityEngine.LogType,UnityEngine.LogOption,string,UnityEngine.Object)
UnityEngine.DebugLogHandler:LogFormat (UnityEngine.LogType,UnityEngine.Object,string,object[])
UnityEngine.Logger:Log (UnityEngine.LogType,object)
UnityEngine.Debug:Log (object)
RoboticArmNetworkController:HandleMessage (string) (at Assets/Scripts/RoboticArmNetworkController.cs:84)
RobotSimulator.Communication.TcpServer:Update () (at Assets/Scripts/Communication/TcpServer.cs:153)

(Filename: Assets/Scripts/RoboticArmNetworkController.cs Line: 84)

[arm_01] Set joint 0 to 0°
UnityEngine.Debug:ExtractStackTraceNoAlloc (byte*,int,string)
UnityEngine.StackTraceUtility:ExtractStackTrace ()
UnityEngine.DebugLogHandler:Internal_Log (UnityEngine.LogType,UnityEngine.LogOption,string,UnityEngine.Object)
UnityEngine.DebugLogHandler:LogFormat (UnityEngine.LogType,UnityEngine.Object,string,object[])
UnityEngine.Logger:Log (UnityEngine.LogType,object)
UnityEngine.Debug:Log (object)
RoboticArmNetworkController:HandleMessage (string) (at Assets/Scripts/RoboticArmNetworkController.cs:93)
RobotSimulator.Communication.TcpServer:Update () (at Assets/Scripts/Communication/TcpServer.cs:153)

(Filename: Assets/Scripts/RoboticArmNetworkController.cs Line: 93)

[arm_01] Processing command: arm_set_joint
UnityEngine.Debug:ExtractStackTraceNoAlloc (byte*,int,string)
UnityEngine.StackTraceUtility:ExtractStackTrace ()
UnityEngine.DebugLogHandler:Internal_Log (UnityEngine.LogType,UnityEngine.LogOption,string,UnityEngine.Object)
UnityEngine.DebugLogHandler:LogFormat (UnityEngine.LogType,UnityEngine.Object,string,object[])
UnityEngine.Logger:Log (UnityEngine.LogType,object)
UnityEngine.Debug:Log (object)
RoboticArmNetworkController:HandleMessage (string) (at Assets/Scripts/RoboticArmNetworkController.cs:84)
RobotSimulator.Communication.TcpServer:Update () (at Assets/Scripts/Communication/TcpServer.cs:153)

(Filename: Assets/Scripts/RoboticArmNetworkController.cs Line: 84)

[arm_01] Set joint 1 to 38.96471°
UnityEngine.Debug:ExtractStackTraceNoAlloc (byte*,int,string)
UnityEngine.StackTraceUtility:ExtractStackTrace ()
UnityEngine.DebugLogHandler:Internal_Log (UnityEngine.LogType,UnityEngine.LogOption,string,UnityEngine.Object)
UnityEngine.DebugLogHandler:LogFormat (UnityEngine.LogType,UnityEngine.Object,string,object[])
UnityEngine.Logger:Log (UnityEngine.LogType,object)
UnityEngine.Debug:Log (object)
RoboticArmNetworkController:HandleMessage (string) (at Assets/Scripts/RoboticArmNetworkController.cs:93)
RobotSimulator.Communication.TcpServer:Update () (at Assets/Scripts/Communication/TcpServer.cs:153)

(Filename: Assets/Scripts/RoboticArmNetworkController.cs Line: 93)

[arm_01] Processing command: arm_set_joint
UnityEngine.Debug:ExtractStackTraceNoAlloc (byte*,int,string)
UnityEngine.StackTraceUtility:ExtractStackTrace ()
UnityEngine.DebugLogHandler:Internal_Log (UnityEngine.LogType,UnityEngine.LogOption,string,UnityEngine.Object)
UnityEngine.DebugLogHandler:LogFormat (UnityEngine.LogType,UnityEngine.Object,string,object[])
UnityEngine.Logger:Log (UnityEngine.LogType,object)
UnityEngine.Debug:Log (object)
RoboticArmNetworkController:HandleMessage (string) (at Assets/Scripts/RoboticArmNetworkController.cs:84)
RobotSimulator.Communication.TcpServer:Update () (at Assets/Scripts/Communication/TcpServer.cs:153)

(Filename: Assets/Scripts/RoboticArmNetworkController.cs Line: 84)

[arm_01] Set joint 2 to 15.24706°
UnityEngine.Debug:ExtractStackTraceNoAlloc (byte*,int,string)
UnityEngine.StackTraceUtility:ExtractStackTrace ()
UnityEngine.DebugLogHandler:Internal_Log (UnityEngine.LogType,UnityEngine.LogOption,string,UnityEngine.Object)
UnityEngine.DebugLogHandler:LogFormat (UnityEngine.LogType,UnityEngine.Object,string,object[])
UnityEngine.Logger:Log (UnityEngine.LogType,object)
UnityEngine.Debug:Log (object)
RoboticArmNetworkController:HandleMessage (string) (at Assets/Scripts/RoboticArmNetworkController.cs:93)
RobotSimulator.Communication.TcpServer:Update () (at Assets/Scripts/Communication/TcpServer.cs:153)

(Filename: Assets/Scripts/RoboticArmNetworkController.cs Line: 93)

[TcpServer] Client connected
UnityEngine.Debug:ExtractStackTraceNoAlloc (byte*,int,string)
UnityEngine.StackTraceUtility:ExtractStackTrace ()
UnityEngine.DebugLogHandler:Internal_Log (UnityEngine.LogType,UnityEngine.LogOption,string,UnityEngine.Object)
UnityEngine.DebugLogHandler:LogFormat (UnityEngine.LogType,UnityEngine.Object,string,object[])
UnityEngine.Logger:Log (UnityEngine.LogType,object)
UnityEngine.Debug:Log (object)
RobotSimulator.Communication.TcpServer:ListenForClients () (at Assets/Scripts/Communication/TcpServer.cs:76)
System.Threading.ThreadHelper:ThreadStart_Context (object)
System.Threading.ExecutionContext:RunInternal (System.Threading.ExecutionContext,System.Threading.ContextCallback,object,bool)
System.Threading.ExecutionContext:Run (System.Threading.ExecutionContext,System.Threading.ContextCallback,object,bool)
System.Threading.ExecutionContext:Run (System.Threading.ExecutionContext,System.Threading.ContextCallback,object)
System.Threading.ThreadHelper:ThreadStart ()

(Filename: Assets/Scripts/Communication/TcpServer.cs Line: 76)

[SimQueryServer] Python query client connected
UnityEngine.Debug:ExtractStackTraceNoAlloc (byte*,int,string)
UnityEngine.StackTraceUtility:ExtractStackTrace ()
UnityEngine.DebugLogHandler:Internal_Log (UnityEngine.LogType,UnityEngine.LogOption,string,UnityEngine.Object)
UnityEngine.DebugLogHandler:LogFormat (UnityEngine.LogType,UnityEngine.Object,string,object[])
UnityEngine.Logger:Log (UnityEngine.LogType,object)
UnityEngine.Debug:Log (object)
RobotSimulator.Communication.SimQueryServer:ListenLoop () (at Assets/Scripts/Communication/SimQueryServer.cs:66)
System.Threading.ThreadHelper:ThreadStart_Context (object)
System.Threading.ExecutionContext:RunInternal (System.Threading.ExecutionContext,System.Threading.ContextCallback,object,bool)
System.Threading.ExecutionContext:Run (System.Threading.ExecutionContext,System.Threading.ContextCallback,object,bool)
System.Threading.ExecutionContext:Run (System.Threading.ExecutionContext,System.Threading.ContextCallback,object)
System.Threading.ThreadHelper:ThreadStart ()

(Filename: Assets/Scripts/Communication/SimQueryServer.cs Line: 66)

[arm_01] Processing command: arm_set_gripper
UnityEngine.Debug:ExtractStackTraceNoAlloc (byte*,int,string)
UnityEngine.StackTraceUtility:ExtractStackTrace ()
UnityEngine.DebugLogHandler:Internal_Log (UnityEngine.LogType,UnityEngine.LogOption,string,UnityEngine.Object)
UnityEngine.DebugLogHandler:LogFormat (UnityEngine.LogType,UnityEngine.Object,string,object[])
UnityEngine.Logger:Log (UnityEngine.LogType,object)
UnityEngine.Debug:Log (object)
RoboticArmNetworkController:HandleMessage (string) (at Assets/Scripts/RoboticArmNetworkController.cs:84)
RobotSimulator.Communication.TcpServer:Update () (at Assets/Scripts/Communication/TcpServer.cs:153)

(Filename: Assets/Scripts/RoboticArmNetworkController.cs Line: 84)

[arm_01] Set gripper to 0.00
UnityEngine.Debug:ExtractStackTraceNoAlloc (byte*,int,string)
UnityEngine.StackTraceUtility:ExtractStackTrace ()
UnityEngine.DebugLogHandler:Internal_Log (UnityEngine.LogType,UnityEngine.LogOption,string,UnityEngine.Object)
UnityEngine.DebugLogHandler:LogFormat (UnityEngine.LogType,UnityEngine.Object,string,object[])
UnityEngine.Logger:Log (UnityEngine.LogType,object)
UnityEngine.Debug:Log (object)
RoboticArmNetworkController:HandleMessage (string) (at Assets/Scripts/RoboticArmNetworkController.cs:112)
RobotSimulator.Communication.TcpServer:Update () (at Assets/Scripts/Communication/TcpServer.cs:153)

(Filename: Assets/Scripts/RoboticArmNetworkController.cs Line: 112)

[truck_02] set_motors L=-0.12 R=-0.30 → throttle=-0.21 steering=0.09
UnityEngine.Debug:ExtractStackTraceNoAlloc (byte*,int,string)
UnityEngine.StackTraceUtility:ExtractStackTrace ()
UnityEngine.DebugLogHandler:Internal_Log (UnityEngine.LogType,UnityEngine.LogOption,string,UnityEngine.Object)
UnityEngine.DebugLogHandler:LogFormat (UnityEngine.LogType,UnityEngine.Object,string,object[])
UnityEngine.Logger:Log (UnityEngine.LogType,object)
UnityEngine.Debug:Log (object)
RobotSimulator.TruckController:HandleMessage (string) (at Assets/Scripts/TruckController.cs:115)
RobotSimulator.Communication.TcpServer:Update () (at Assets/Scripts/Communication/TcpServer.cs:153)

(Filename: Assets/Scripts/TruckController.cs Line: 115)

[truck_02] set_motors L=-0.12 R=-0.30 → throttle=-0.21 steering=0.09
UnityEngine.Debug:ExtractStackTraceNoAlloc (byte*,int,string)
UnityEngine.StackTraceUtility:ExtractStackTrace ()
UnityEngine.DebugLogHandler:Internal_Log (UnityEngine.LogType,UnityEngine.LogOption,string,UnityEngine.Object)
UnityEngine.DebugLogHandler:LogFormat (UnityEngine.LogType,UnityEngine.Object,string,object[])
UnityEngine.Logger:Log (UnityEngine.LogType,object)
UnityEngine.Debug:Log (object)
RobotSimulator.TruckController:HandleMessage (string) (at Assets/Scripts/TruckController.cs:115)
RobotSimulator.Communication.TcpServer:Update () (at Assets/Scripts/Communication/TcpServer.cs:153)

(Filename: Assets/Scripts/TruckController.cs Line: 115)

[truck_02] set_motors L=-0.12 R=-0.30 → throttle=-0.21 steering=0.09
UnityEngine.Debug:ExtractStackTraceNoAlloc (byte*,int,string)
UnityEngine.StackTraceUtility:ExtractStackTrace ()
UnityEngine.DebugLogHandler:Internal_Log (UnityEngine.LogType,UnityEngine.LogOption,string,UnityEngine.Object)
UnityEngine.DebugLogHandler:LogFormat (UnityEngine.LogType,UnityEngine.Object,string,object[])
UnityEngine.Logger:Log (UnityEngine.LogType,object)
UnityEngine.Debug:Log (object)
RobotSimulator.TruckController:HandleMessage (string) (at Assets/Scripts/TruckController.cs:115)
RobotSimulator.Communication.TcpServer:Update () (at Assets/Scripts/Communication/TcpServer.cs:153)

(Filename: Assets/Scripts/TruckController.cs Line: 115)

[truck_01] set_motors L=0.00 R=0.00 → throttle=0.00 steering=0.00
UnityEngine.Debug:ExtractStackTraceNoAlloc (byte*,int,string)
UnityEngine.StackTraceUtility:ExtractStackTrace ()
UnityEngine.DebugLogHandler:Internal_Log (UnityEngine.LogType,UnityEngine.LogOption,string,UnityEngine.Object)
UnityEngine.DebugLogHandler:LogFormat (UnityEngine.LogType,UnityEngine.Object,string,object[])
UnityEngine.Logger:Log (UnityEngine.LogType,object)
UnityEngine.Debug:Log (object)
RobotSimulator.TruckController:HandleMessage (string) (at Assets/Scripts/TruckController.cs:115)
RobotSimulator.Communication.TcpServer:Update () (at Assets/Scripts/Communication/TcpServer.cs:153)

(Filename: Assets/Scripts/TruckController.cs Line: 115)

[arm_01] Processing command: arm_set_joint
UnityEngine.Debug:ExtractStackTraceNoAlloc (byte*,int,string)
UnityEngine.StackTraceUtility:ExtractStackTrace ()
UnityEngine.DebugLogHandler:Internal_Log (UnityEngine.LogType,UnityEngine.LogOption,string,UnityEngine.Object)
UnityEngine.DebugLogHandler:LogFormat (UnityEngine.LogType,UnityEngine.Object,string,object[])
UnityEngine.Logger:Log (UnityEngine.LogType,object)
UnityEngine.Debug:Log (object)
RoboticArmNetworkController:HandleMessage (string) (at Assets/Scripts/RoboticArmNetworkController.cs:84)
RobotSimulator.Communication.TcpServer:Update () (at Assets/Scripts/Communication/TcpServer.cs:153)

(Filename: Assets/Scripts/RoboticArmNetworkController.cs Line: 84)

[arm_01] Set joint 0 to 0°
UnityEngine.Debug:ExtractStackTraceNoAlloc (byte*,int,string)
UnityEngine.StackTraceUtility:ExtractStackTrace ()
UnityEngine.DebugLogHandler:Internal_Log (UnityEngine.LogType,UnityEngine.LogOption,string,UnityEngine.Object)
UnityEngine.DebugLogHandler:LogFormat (UnityEngine.LogType,UnityEngine.Object,string,object[])
UnityEngine.Logger:Log (UnityEngine.LogType,object)
UnityEngine.Debug:Log (object)
RoboticArmNetworkController:HandleMessage (string) (at Assets/Scripts/RoboticArmNetworkController.cs:93)
RobotSimulator.Communication.TcpServer:Update () (at Assets/Scripts/Communication/TcpServer.cs:153)

(Filename: Assets/Scripts/RoboticArmNetworkController.cs Line: 93)

[truck_02] set_motors L=-0.12 R=-0.30 → throttle=-0.21 steering=0.09
UnityEngine.Debug:ExtractStackTraceNoAlloc (byte*,int,string)
UnityEngine.StackTraceUtility:ExtractStackTrace ()
UnityEngine.DebugLogHandler:Internal_Log (UnityEngine.LogType,UnityEngine.LogOption,string,UnityEngine.Object)
UnityEngine.DebugLogHandler:LogFormat (UnityEngine.LogType,UnityEngine.Object,string,object[])
UnityEngine.Logger:Log (UnityEngine.LogType,object)
UnityEngine.Debug:Log (object)
RobotSimulator.TruckController:HandleMessage (string) (at Assets/Scripts/TruckController.cs:115)
RobotSimulator.Communication.TcpServer:Update () (at Assets/Scripts/Communication/TcpServer.cs:153)

(Filename: Assets/Scripts/TruckController.cs Line: 115)

[arm_01] Processing command: arm_set_joint
UnityEngine.Debug:ExtractStackTraceNoAlloc (byte*,int,string)
UnityEngine.StackTraceUtility:ExtractStackTrace ()
UnityEngine.DebugLogHandler:Internal_Log (UnityEngine.LogType,UnityEngine.LogOption,string,UnityEngine.Object)
UnityEngine.DebugLogHandler:LogFormat (UnityEngine.LogType,UnityEngine.Object,string,object[])
UnityEngine.Logger:Log (UnityEngine.LogType,object)
UnityEngine.Debug:Log (object)
RoboticArmNetworkController:HandleMessage (string) (at Assets/Scripts/RoboticArmNetworkController.cs:84)
RobotSimulator.Communication.TcpServer:Update () (at Assets/Scripts/Communication/TcpServer.cs:153)

(Filename: Assets/Scripts/RoboticArmNetworkController.cs Line: 84)

[arm_01] Set joint 1 to 38.96471°
UnityEngine.Debug:ExtractStackTraceNoAlloc (byte*,int,string)
UnityEngine.StackTraceUtility:ExtractStackTrace ()
UnityEngine.DebugLogHandler:Internal_Log (UnityEngine.LogType,UnityEngine.LogOption,string,UnityEngine.Object)
UnityEngine.DebugLogHandler:LogFormat (UnityEngine.LogType,UnityEngine.Object,string,object[])
UnityEngine.Logger:Log (UnityEngine.LogType,object)
UnityEngine.Debug:Log (object)
RoboticArmNetworkController:HandleMessage (string) (at Assets/Scripts/RoboticArmNetworkController.cs:93)
RobotSimulator.Communication.TcpServer:Update () (at Assets/Scripts/Communication/TcpServer.cs:153)

(Filename: Assets/Scripts/RoboticArmNetworkController.cs Line: 93)

[arm_01] Processing command: arm_set_joint
UnityEngine.Debug:ExtractStackTraceNoAlloc (byte*,int,string)
UnityEngine.StackTraceUtility:ExtractStackTrace ()
UnityEngine.DebugLogHandler:Internal_Log (UnityEngine.LogType,UnityEngine.LogOption,string,UnityEngine.Object)
UnityEngine.DebugLogHandler:LogFormat (UnityEngine.LogType,UnityEngine.Object,string,object[])
UnityEngine.Logger:Log (UnityEngine.LogType,object)
UnityEngine.Debug:Log (object)
RoboticArmNetworkController:HandleMessage (string) (at Assets/Scripts/RoboticArmNetworkController.cs:84)
RobotSimulator.Communication.TcpServer:Update () (at Assets/Scripts/Communication/TcpServer.cs:153)

(Filename: Assets/Scripts/RoboticArmNetworkController.cs Line: 84)

[arm_01] Set joint 2 to 15.24706°
UnityEngine.Debug:ExtractStackTraceNoAlloc (byte*,int,string)
UnityEngine.StackTraceUtility:ExtractStackTrace ()
UnityEngine.DebugLogHandler:Internal_Log (UnityEngine.LogType,UnityEngine.LogOption,string,UnityEngine.Object)
UnityEngine.DebugLogHandler:LogFormat (UnityEngine.LogType,UnityEngine.Object,string,object[])
UnityEngine.Logger:Log (UnityEngine.LogType,object)
UnityEngine.Debug:Log (object)
RoboticArmNetworkController:HandleMessage (string) (at Assets/Scripts/RoboticArmNetworkController.cs:93)
RobotSimulator.Communication.TcpServer:Update () (at Assets/Scripts/Communication/TcpServer.cs:153)

(Filename: Assets/Scripts/RoboticArmNetworkController.cs Line: 93)

[truck_02] set_motors L=-0.12 R=-0.30 → throttle=-0.21 steering=0.09
UnityEngine.Debug:ExtractStackTraceNoAlloc (byte*,int,string)
UnityEngine.StackTraceUtility:ExtractStackTrace ()
UnityEngine.DebugLogHandler:Internal_Log (UnityEngine.LogType,UnityEngine.LogOption,string,UnityEngine.Object)
UnityEngine.DebugLogHandler:LogFormat (UnityEngine.LogType,UnityEngine.Object,string,object[])
UnityEngine.Logger:Log (UnityEngine.LogType,object)
UnityEngine.Debug:Log (object)
RobotSimulator.TruckController:HandleMessage (string) (at Assets/Scripts/TruckController.cs:115)
RobotSimulator.Communication.TcpServer:Update () (at Assets/Scripts/Communication/TcpServer.cs:153)

(Filename: Assets/Scripts/TruckController.cs Line: 115)

[arm_01] Processing command: arm_set_gripper
UnityEngine.Debug:ExtractStackTraceNoAlloc (byte*,int,string)
UnityEngine.StackTraceUtility:ExtractStackTrace ()
UnityEngine.DebugLogHandler:Internal_Log (UnityEngine.LogType,UnityEngine.LogOption,string,UnityEngine.Object)
UnityEngine.DebugLogHandler:LogFormat (UnityEngine.LogType,UnityEngine.Object,string,object[])
UnityEngine.Logger:Log (UnityEngine.LogType,object)
UnityEngine.Debug:Log (object)
RoboticArmNetworkController:HandleMessage (string) (at Assets/Scripts/RoboticArmNetworkController.cs:84)
RobotSimulator.Communication.TcpServer:Update () (at Assets/Scripts/Communication/TcpServer.cs:153)

(Filename: Assets/Scripts/RoboticArmNetworkController.cs Line: 84)

[arm_01] Set gripper to 0.00
UnityEngine.Debug:ExtractStackTraceNoAlloc (byte*,int,string)
UnityEngine.StackTraceUtility:ExtractStackTrace ()
UnityEngine.DebugLogHandler:Internal_Log (UnityEngine.LogType,UnityEngine.LogOption,string,UnityEngine.Object)
UnityEngine.DebugLogHandler:LogFormat (UnityEngine.LogType,UnityEngine.Object,string,object[])
UnityEngine.Logger:Log (UnityEngine.LogType,object)
UnityEngine.Debug:Log (object)
RoboticArmNetworkController:HandleMessage (string) (at Assets/Scripts/RoboticArmNetworkController.cs:112)
RobotSimulator.Communication.TcpServer:Update () (at Assets/Scripts/Communication/TcpServer.cs:153)

(Filename: Assets/Scripts/RoboticArmNetworkController.cs Line: 112)

[truck_02] set_motors L=0.30 R=-0.30 → throttle=0.00 steering=0.30
UnityEngine.Debug:ExtractStackTraceNoAlloc (byte*,int,string)
UnityEngine.StackTraceUtility:ExtractStackTrace ()
UnityEngine.DebugLogHandler:Internal_Log (UnityEngine.LogType,UnityEngine.LogOption,string,UnityEngine.Object)
UnityEngine.DebugLogHandler:LogFormat (UnityEngine.LogType,UnityEngine.Object,string,object[])
UnityEngine.Logger:Log (UnityEngine.LogType,object)
UnityEngine.Debug:Log (object)
RobotSimulator.TruckController:HandleMessage (string) (at Assets/Scripts/TruckController.cs:115)
RobotSimulator.Communication.TcpServer:Update () (at Assets/Scripts/Communication/TcpServer.cs:153)

(Filename: Assets/Scripts/TruckController.cs Line: 115)

[truck_02] set_motors L=0.50 R=0.50 → throttle=0.50 steering=0.00
UnityEngine.Debug:ExtractStackTraceNoAlloc (byte*,int,string)
UnityEngine.StackTraceUtility:ExtractStackTrace ()
UnityEngine.DebugLogHandler:Internal_Log (UnityEngine.LogType,UnityEngine.LogOption,string,UnityEngine.Object)
UnityEngine.DebugLogHandler:LogFormat (UnityEngine.LogType,UnityEngine.Object,string,object[])
UnityEngine.Logger:Log (UnityEngine.LogType,object)
UnityEngine.Debug:Log (object)
RobotSimulator.TruckController:HandleMessage (string) (at Assets/Scripts/TruckController.cs:115)
RobotSimulator.Communication.TcpServer:Update () (at Assets/Scripts/Communication/TcpServer.cs:153)

(Filename: Assets/Scripts/TruckController.cs Line: 115)

[truck_01] set_motors L=0.00 R=0.00 → throttle=0.00 steering=0.00
UnityEngine.Debug:ExtractStackTraceNoAlloc (byte*,int,string)
UnityEngine.StackTraceUtility:ExtractStackTrace ()
UnityEngine.DebugLogHandler:Internal_Log (UnityEngine.LogType,UnityEngine.LogOption,string,UnityEngine.Object)
UnityEngine.DebugLogHandler:LogFormat (UnityEngine.LogType,UnityEngine.Object,string,object[])
UnityEngine.Logger:Log (UnityEngine.LogType,object)
UnityEngine.Debug:Log (object)
RobotSimulator.TruckController:HandleMessage (string) (at Assets/Scripts/TruckController.cs:115)
RobotSimulator.Communication.TcpServer:Update () (at Assets/Scripts/Communication/TcpServer.cs:153)

(Filename: Assets/Scripts/TruckController.cs Line: 115)

[arm_01] Processing command: arm_set_joint
UnityEngine.Debug:ExtractStackTraceNoAlloc (byte*,int,string)
UnityEngine.StackTraceUtility:ExtractStackTrace ()
UnityEngine.DebugLogHandler:Internal_Log (UnityEngine.LogType,UnityEngine.LogOption,string,UnityEngine.Object)
UnityEngine.DebugLogHandler:LogFormat (UnityEngine.LogType,UnityEngine.Object,string,object[])
UnityEngine.Logger:Log (UnityEngine.LogType,object)
UnityEngine.Debug:Log (object)
RoboticArmNetworkController:HandleMessage (string) (at Assets/Scripts/RoboticArmNetworkController.cs:84)
RobotSimulator.Communication.TcpServer:Update () (at Assets/Scripts/Communication/TcpServer.cs:153)

(Filename: Assets/Scripts/RoboticArmNetworkController.cs Line: 84)

[arm_01] Set joint 0 to 0°
UnityEngine.Debug:ExtractStackTraceNoAlloc (byte*,int,string)
UnityEngine.StackTraceUtility:ExtractStackTrace ()
UnityEngine.DebugLogHandler:Internal_Log (UnityEngine.LogType,UnityEngine.LogOption,string,UnityEngine.Object)
UnityEngine.DebugLogHandler:LogFormat (UnityEngine.LogType,UnityEngine.Object,string,object[])
UnityEngine.Logger:Log (UnityEngine.LogType,object)
UnityEngine.Debug:Log (object)
RoboticArmNetworkController:HandleMessage (string) (at Assets/Scripts/RoboticArmNetworkController.cs:93)
RobotSimulator.Communication.TcpServer:Update () (at Assets/Scripts/Communication/TcpServer.cs:153)

(Filename: Assets/Scripts/RoboticArmNetworkController.cs Line: 93)

[truck_02] set_motors L=0.01 R=0.51 → throttle=0.26 steering=-0.25
UnityEngine.Debug:ExtractStackTraceNoAlloc (byte*,int,string)
UnityEngine.StackTraceUtility:ExtractStackTrace ()
UnityEngine.DebugLogHandler:Internal_Log (UnityEngine.LogType,UnityEngine.LogOption,string,UnityEngine.Object)
UnityEngine.DebugLogHandler:LogFormat (UnityEngine.LogType,UnityEngine.Object,string,object[])
UnityEngine.Logger:Log (UnityEngine.LogType,object)
UnityEngine.Debug:Log (object)
RobotSimulator.TruckController:HandleMessage (string) (at Assets/Scripts/TruckController.cs:115)
RobotSimulator.Communication.TcpServer:Update () (at Assets/Scripts/Communication/TcpServer.cs:153)

(Filename: Assets/Scripts/TruckController.cs Line: 115)

[arm_01] Processing command: arm_set_joint
UnityEngine.Debug:ExtractStackTraceNoAlloc (byte*,int,string)
UnityEngine.StackTraceUtility:ExtractStackTrace ()
UnityEngine.DebugLogHandler:Internal_Log (UnityEngine.LogType,UnityEngine.LogOption,string,UnityEngine.Object)
UnityEngine.DebugLogHandler:LogFormat (UnityEngine.LogType,UnityEngine.Object,string,object[])
UnityEngine.Logger:Log (UnityEngine.LogType,object)
UnityEngine.Debug:Log (object)
RoboticArmNetworkController:HandleMessage (string) (at Assets/Scripts/RoboticArmNetworkController.cs:84)
RobotSimulator.Communication.TcpServer:Update () (at Assets/Scripts/Communication/TcpServer.cs:153)

(Filename: Assets/Scripts/RoboticArmNetworkController.cs Line: 84)

[arm_01] Set joint 1 to 38.96471°
UnityEngine.Debug:ExtractStackTraceNoAlloc (byte*,int,string)
UnityEngine.StackTraceUtility:ExtractStackTrace ()
UnityEngine.DebugLogHandler:Internal_Log (UnityEngine.LogType,UnityEngine.LogOption,string,UnityEngine.Object)
UnityEngine.DebugLogHandler:LogFormat (UnityEngine.LogType,UnityEngine.Object,string,object[])
UnityEngine.Logger:Log (UnityEngine.LogType,object)
UnityEngine.Debug:Log (object)
RoboticArmNetworkController:HandleMessage (string) (at Assets/Scripts/RoboticArmNetworkController.cs:93)
RobotSimulator.Communication.TcpServer:Update () (at Assets/Scripts/Communication/TcpServer.cs:153)

(Filename: Assets/Scripts/RoboticArmNetworkController.cs Line: 93)

[arm_01] Processing command: arm_set_joint
UnityEngine.Debug:ExtractStackTraceNoAlloc (byte*,int,string)
UnityEngine.StackTraceUtility:ExtractStackTrace ()
UnityEngine.DebugLogHandler:Internal_Log (UnityEngine.LogType,UnityEngine.LogOption,string,UnityEngine.Object)
UnityEngine.DebugLogHandler:LogFormat (UnityEngine.LogType,UnityEngine.Object,string,object[])
UnityEngine.Logger:Log (UnityEngine.LogType,object)
UnityEngine.Debug:Log (object)
RoboticArmNetworkController:HandleMessage (string) (at Assets/Scripts/RoboticArmNetworkController.cs:84)
RobotSimulator.Communication.TcpServer:Update () (at Assets/Scripts/Communication/TcpServer.cs:153)

(Filename: Assets/Scripts/RoboticArmNetworkController.cs Line: 84)

[arm_01] Set joint 2 to 15.24706°
UnityEngine.Debug:ExtractStackTraceNoAlloc (byte*,int,string)
UnityEngine.StackTraceUtility:ExtractStackTrace ()
UnityEngine.DebugLogHandler:Internal_Log (UnityEngine.LogType,UnityEngine.LogOption,string,UnityEngine.Object)
UnityEngine.DebugLogHandler:LogFormat (UnityEngine.LogType,UnityEngine.Object,string,object[])
UnityEngine.Logger:Log (UnityEngine.LogType,object)
UnityEngine.Debug:Log (object)
RoboticArmNetworkController:HandleMessage (string) (at Assets/Scripts/RoboticArmNetworkController.cs:93)
RobotSimulator.Communication.TcpServer:Update () (at Assets/Scripts/Communication/TcpServer.cs:153)

(Filename: Assets/Scripts/RoboticArmNetworkController.cs Line: 93)

[truck_02] set_motors L=0.01 R=0.51 → throttle=0.26 steering=-0.25
UnityEngine.Debug:ExtractStackTraceNoAlloc (byte*,int,string)
UnityEngine.StackTraceUtility:ExtractStackTrace ()
UnityEngine.DebugLogHandler:Internal_Log (UnityEngine.LogType,UnityEngine.LogOption,string,UnityEngine.Object)
UnityEngine.DebugLogHandler:LogFormat (UnityEngine.LogType,UnityEngine.Object,string,object[])
UnityEngine.Logger:Log (UnityEngine.LogType,object)
UnityEngine.Debug:Log (object)
RobotSimulator.TruckController:HandleMessage (string) (at Assets/Scripts/TruckController.cs:115)
RobotSimulator.Communication.TcpServer:Update () (at Assets/Scripts/Communication/TcpServer.cs:153)

(Filename: Assets/Scripts/TruckController.cs Line: 115)

[truck_02] set_motors L=0.01 R=0.51 → throttle=0.26 steering=-0.25
UnityEngine.Debug:ExtractStackTraceNoAlloc (byte*,int,string)
UnityEngine.StackTraceUtility:ExtractStackTrace ()
UnityEngine.DebugLogHandler:Internal_Log (UnityEngine.LogType,UnityEngine.LogOption,string,UnityEngine.Object)
UnityEngine.DebugLogHandler:LogFormat (UnityEngine.LogType,UnityEngine.Object,string,object[])
UnityEngine.Logger:Log (UnityEngine.LogType,object)
UnityEngine.Debug:Log (object)
RobotSimulator.TruckController:HandleMessage (string) (at Assets/Scripts/TruckController.cs:115)
RobotSimulator.Communication.TcpServer:Update () (at Assets/Scripts/Communication/TcpServer.cs:153)

(Filename: Assets/Scripts/TruckController.cs Line: 115)

[arm_01] Processing command: arm_set_gripper
UnityEngine.Debug:ExtractStackTraceNoAlloc (byte*,int,string)
UnityEngine.StackTraceUtility:ExtractStackTrace ()
UnityEngine.DebugLogHandler:Internal_Log (UnityEngine.LogType,UnityEngine.LogOption,string,UnityEngine.Object)
UnityEngine.DebugLogHandler:LogFormat (UnityEngine.LogType,UnityEngine.Object,string,object[])
UnityEngine.Logger:Log (UnityEngine.LogType,object)
UnityEngine.Debug:Log (object)
RoboticArmNetworkController:HandleMessage (string) (at Assets/Scripts/RoboticArmNetworkController.cs:84)
RobotSimulator.Communication.TcpServer:Update () (at Assets/Scripts/Communication/TcpServer.cs:153)

(Filename: Assets/Scripts/RoboticArmNetworkController.cs Line: 84)

[arm_01] Set gripper to 0.00
UnityEngine.Debug:ExtractStackTraceNoAlloc (byte*,int,string)
UnityEngine.StackTraceUtility:ExtractStackTrace ()
UnityEngine.DebugLogHandler:Internal_Log (UnityEngine.LogType,UnityEngine.LogOption,string,UnityEngine.Object)
UnityEngine.DebugLogHandler:LogFormat (UnityEngine.LogType,UnityEngine.Object,string,object[])
UnityEngine.Logger:Log (UnityEngine.LogType,object)
UnityEngine.Debug:Log (object)
RoboticArmNetworkController:HandleMessage (string) (at Assets/Scripts/RoboticArmNetworkController.cs:112)
RobotSimulator.Communication.TcpServer:Update () (at Assets/Scripts/Communication/TcpServer.cs:153)

(Filename: Assets/Scripts/RoboticArmNetworkController.cs Line: 112)

[truck_02] set_motors L=0.01 R=0.51 → throttle=0.26 steering=-0.25
UnityEngine.Debug:ExtractStackTraceNoAlloc (byte*,int,string)
UnityEngine.StackTraceUtility:ExtractStackTrace ()
UnityEngine.DebugLogHandler:Internal_Log (UnityEngine.LogType,UnityEngine.LogOption,string,UnityEngine.Object)
UnityEngine.DebugLogHandler:LogFormat (UnityEngine.LogType,UnityEngine.Object,string,object[])
UnityEngine.Logger:Log (UnityEngine.LogType,object)
UnityEngine.Debug:Log (object)
RobotSimulator.TruckController:HandleMessage (string) (at Assets/Scripts/TruckController.cs:115)
RobotSimulator.Communication.TcpServer:Update () (at Assets/Scripts/Communication/TcpServer.cs:153)

(Filename: Assets/Scripts/TruckController.cs Line: 115)

[truck_02] set_motors L=0.50 R=0.50 → throttle=0.50 steering=0.00
UnityEngine.Debug:ExtractStackTraceNoAlloc (byte*,int,string)
UnityEngine.StackTraceUtility:ExtractStackTrace ()
UnityEngine.DebugLogHandler:Internal_Log (UnityEngine.LogType,UnityEngine.LogOption,string,UnityEngine.Object)
UnityEngine.DebugLogHandler:LogFormat (UnityEngine.LogType,UnityEngine.Object,string,object[])
UnityEngine.Logger:Log (UnityEngine.LogType,object)
UnityEngine.Debug:Log (object)
RobotSimulator.TruckController:HandleMessage (string) (at Assets/Scripts/TruckController.cs:115)
RobotSimulator.Communication.TcpServer:Update () (at Assets/Scripts/Communication/TcpServer.cs:153)

(Filename: Assets/Scripts/TruckController.cs Line: 115)

[truck_01] set_motors L=0.00 R=0.00 → throttle=0.00 steering=0.00
UnityEngine.Debug:ExtractStackTraceNoAlloc (byte*,int,string)
UnityEngine.StackTraceUtility:ExtractStackTrace ()
UnityEngine.DebugLogHandler:Internal_Log (UnityEngine.LogType,UnityEngine.LogOption,string,UnityEngine.Object)
UnityEngine.DebugLogHandler:LogFormat (UnityEngine.LogType,UnityEngine.Object,string,object[])
UnityEngine.Logger:Log (UnityEngine.LogType,object)
UnityEngine.Debug:Log (object)
RobotSimulator.TruckController:HandleMessage (string) (at Assets/Scripts/TruckController.cs:115)
RobotSimulator.Communication.TcpServer:Update () (at Assets/Scripts/Communication/TcpServer.cs:153)

(Filename: Assets/Scripts/TruckController.cs Line: 115)

[arm_01] Processing command: arm_set_joint
UnityEngine.Debug:ExtractStackTraceNoAlloc (byte*,int,string)
UnityEngine.StackTraceUtility:ExtractStackTrace ()
UnityEngine.DebugLogHandler:Internal_Log (UnityEngine.LogType,UnityEngine.LogOption,string,UnityEngine.Object)
UnityEngine.DebugLogHandler:LogFormat (UnityEngine.LogType,UnityEngine.Object,string,object[])
UnityEngine.Logger:Log (UnityEngine.LogType,object)
UnityEngine.Debug:Log (object)
RoboticArmNetworkController:HandleMessage (string) (at Assets/Scripts/RoboticArmNetworkController.cs:84)
RobotSimulator.Communication.TcpServer:Update () (at Assets/Scripts/Communication/TcpServer.cs:153)

(Filename: Assets/Scripts/RoboticArmNetworkController.cs Line: 84)

[arm_01] Set joint 0 to 0°
UnityEngine.Debug:ExtractStackTraceNoAlloc (byte*,int,string)
UnityEngine.StackTraceUtility:ExtractStackTrace ()
UnityEngine.DebugLogHandler:Internal_Log (UnityEngine.LogType,UnityEngine.LogOption,string,UnityEngine.Object)
UnityEngine.DebugLogHandler:LogFormat (UnityEngine.LogType,UnityEngine.Object,string,object[])
UnityEngine.Logger:Log (UnityEngine.LogType,object)
UnityEngine.Debug:Log (object)
RoboticArmNetworkController:HandleMessage (string) (at Assets/Scripts/RoboticArmNetworkController.cs:93)
RobotSimulator.Communication.TcpServer:Update () (at Assets/Scripts/Communication/TcpServer.cs:153)

(Filename: Assets/Scripts/RoboticArmNetworkController.cs Line: 93)

[truck_02] set_motors L=0.50 R=0.50 → throttle=0.50 steering=0.00
UnityEngine.Debug:ExtractStackTraceNoAlloc (byte*,int,string)
UnityEngine.StackTraceUtility:ExtractStackTrace ()
UnityEngine.DebugLogHandler:Internal_Log (UnityEngine.LogType,UnityEngine.LogOption,string,UnityEngine.Object)
UnityEngine.DebugLogHandler:LogFormat (UnityEngine.LogType,UnityEngine.Object,string,object[])
UnityEngine.Logger:Log (UnityEngine.LogType,object)
UnityEngine.Debug:Log (object)
RobotSimulator.TruckController:HandleMessage (string) (at Assets/Scripts/TruckController.cs:115)
RobotSimulator.Communication.TcpServer:Update () (at Assets/Scripts/Communication/TcpServer.cs:153)

(Filename: Assets/Scripts/TruckController.cs Line: 115)

[arm_01] Processing command: arm_set_joint
UnityEngine.Debug:ExtractStackTraceNoAlloc (byte*,int,string)
UnityEngine.StackTraceUtility:ExtractStackTrace ()
UnityEngine.DebugLogHandler:Internal_Log (UnityEngine.LogType,UnityEngine.LogOption,string,UnityEngine.Object)
UnityEngine.DebugLogHandler:LogFormat (UnityEngine.LogType,UnityEngine.Object,string,object[])
UnityEngine.Logger:Log (UnityEngine.LogType,object)
UnityEngine.Debug:Log (object)
RoboticArmNetworkController:HandleMessage (string) (at Assets/Scripts/RoboticArmNetworkController.cs:84)
RobotSimulator.Communication.TcpServer:Update () (at Assets/Scripts/Communication/TcpServer.cs:153)

(Filename: Assets/Scripts/RoboticArmNetworkController.cs Line: 84)

[arm_01] Set joint 1 to 38.96471°
UnityEngine.Debug:ExtractStackTraceNoAlloc (byte*,int,string)
UnityEngine.StackTraceUtility:ExtractStackTrace ()
UnityEngine.DebugLogHandler:Internal_Log (UnityEngine.LogType,UnityEngine.LogOption,string,UnityEngine.Object)
UnityEngine.DebugLogHandler:LogFormat (UnityEngine.LogType,UnityEngine.Object,string,object[])
UnityEngine.Logger:Log (UnityEngine.LogType,object)
UnityEngine.Debug:Log (object)
RoboticArmNetworkController:HandleMessage (string) (at Assets/Scripts/RoboticArmNetworkController.cs:93)
RobotSimulator.Communication.TcpServer:Update () (at Assets/Scripts/Communication/TcpServer.cs:153)

(Filename: Assets/Scripts/RoboticArmNetworkController.cs Line: 93)

[arm_01] Processing command: arm_set_joint
UnityEngine.Debug:ExtractStackTraceNoAlloc (byte*,int,string)
UnityEngine.StackTraceUtility:ExtractStackTrace ()
UnityEngine.DebugLogHandler:Internal_Log (UnityEngine.LogType,UnityEngine.LogOption,string,UnityEngine.Object)
UnityEngine.DebugLogHandler:LogFormat (UnityEngine.LogType,UnityEngine.Object,string,object[])
UnityEngine.Logger:Log (UnityEngine.LogType,object)
UnityEngine.Debug:Log (object)
RoboticArmNetworkController:HandleMessage (string) (at Assets/Scripts/RoboticArmNetworkController.cs:84)
RobotSimulator.Communication.TcpServer:Update () (at Assets/Scripts/Communication/TcpServer.cs:153)

(Filename: Assets/Scripts/RoboticArmNetworkController.cs Line: 84)

[arm_01] Set joint 2 to 15.24706°
UnityEngine.Debug:ExtractStackTraceNoAlloc (byte*,int,string)
UnityEngine.StackTraceUtility:ExtractStackTrace ()
UnityEngine.DebugLogHandler:Internal_Log (UnityEngine.LogType,UnityEngine.LogOption,string,UnityEngine.Object)
UnityEngine.DebugLogHandler:LogFormat (UnityEngine.LogType,UnityEngine.Object,string,object[])
UnityEngine.Logger:Log (UnityEngine.LogType,object)
UnityEngine.Debug:Log (object)
RoboticArmNetworkController:HandleMessage (string) (at Assets/Scripts/RoboticArmNetworkController.cs:93)
RobotSimulator.Communication.TcpServer:Update () (at Assets/Scripts/Communication/TcpServer.cs:153)

(Filename: Assets/Scripts/RoboticArmNetworkController.cs Line: 93)

[truck_02] set_motors L=0.50 R=0.50 → throttle=0.50 steering=0.00
UnityEngine.Debug:ExtractStackTraceNoAlloc (byte*,int,string)
UnityEngine.StackTraceUtility:ExtractStackTrace ()
UnityEngine.DebugLogHandler:Internal_Log (UnityEngine.LogType,UnityEngine.LogOption,string,UnityEngine.Object)
UnityEngine.DebugLogHandler:LogFormat (UnityEngine.LogType,UnityEngine.Object,string,object[])
UnityEngine.Logger:Log (UnityEngine.LogType,object)
UnityEngine.Debug:Log (object)
RobotSimulator.TruckController:HandleMessage (string) (at Assets/Scripts/TruckController.cs:115)
RobotSimulator.Communication.TcpServer:Update () (at Assets/Scripts/Communication/TcpServer.cs:153)

(Filename: Assets/Scripts/TruckController.cs Line: 115)

[truck_02] set_motors L=0.50 R=0.50 → throttle=0.50 steering=0.00
UnityEngine.Debug:ExtractStackTraceNoAlloc (byte*,int,string)
UnityEngine.StackTraceUtility:ExtractStackTrace ()
UnityEngine.DebugLogHandler:Internal_Log (UnityEngine.LogType,UnityEngine.LogOption,string,UnityEngine.Object)
UnityEngine.DebugLogHandler:LogFormat (UnityEngine.LogType,UnityEngine.Object,string,object[])
UnityEngine.Logger:Log (UnityEngine.LogType,object)
UnityEngine.Debug:Log (object)
RobotSimulator.TruckController:HandleMessage (string) (at Assets/Scripts/TruckController.cs:115)
RobotSimulator.Communication.TcpServer:Update () (at Assets/Scripts/Communication/TcpServer.cs:153)

(Filename: Assets/Scripts/TruckController.cs Line: 115)

[arm_01] Processing command: arm_set_gripper
UnityEngine.Debug:ExtractStackTraceNoAlloc (byte*,int,string)
UnityEngine.StackTraceUtility:ExtractStackTrace ()
UnityEngine.DebugLogHandler:Internal_Log (UnityEngine.LogType,UnityEngine.LogOption,string,UnityEngine.Object)
UnityEngine.DebugLogHandler:LogFormat (UnityEngine.LogType,UnityEngine.Object,string,object[])
UnityEngine.Logger:Log (UnityEngine.LogType,object)
UnityEngine.Debug:Log (object)
RoboticArmNetworkController:HandleMessage (string) (at Assets/Scripts/RoboticArmNetworkController.cs:84)
RobotSimulator.Communication.TcpServer:Update () (at Assets/Scripts/Communication/TcpServer.cs:153)

(Filename: Assets/Scripts/RoboticArmNetworkController.cs Line: 84)

[arm_01] Set gripper to 0.00
UnityEngine.Debug:ExtractStackTraceNoAlloc (byte*,int,string)
UnityEngine.StackTraceUtility:ExtractStackTrace ()
UnityEngine.DebugLogHandler:Internal_Log (UnityEngine.LogType,UnityEngine.LogOption,string,UnityEngine.Object)
UnityEngine.DebugLogHandler:LogFormat (UnityEngine.LogType,UnityEngine.Object,string,object[])
UnityEngine.Logger:Log (UnityEngine.LogType,object)
UnityEngine.Debug:Log (object)
RoboticArmNetworkController:HandleMessage (string) (at Assets/Scripts/RoboticArmNetworkController.cs:112)
RobotSimulator.Communication.TcpServer:Update () (at Assets/Scripts/Communication/TcpServer.cs:153)

(Filename: Assets/Scripts/RoboticArmNetworkController.cs Line: 112)

[truck_02] set_motors L=0.50 R=0.50 → throttle=0.50 steering=0.00
UnityEngine.Debug:ExtractStackTraceNoAlloc (byte*,int,string)
UnityEngine.StackTraceUtility:ExtractStackTrace ()
UnityEngine.DebugLogHandler:Internal_Log (UnityEngine.LogType,UnityEngine.LogOption,string,UnityEngine.Object)
UnityEngine.DebugLogHandler:LogFormat (UnityEngine.LogType,UnityEngine.Object,string,object[])
UnityEngine.Logger:Log (UnityEngine.LogType,object)
UnityEngine.Debug:Log (object)
RobotSimulator.TruckController:HandleMessage (string) (at Assets/Scripts/TruckController.cs:115)
RobotSimulator.Communication.TcpServer:Update () (at Assets/Scripts/Communication/TcpServer.cs:153)

(Filename: Assets/Scripts/TruckController.cs Line: 115)

[truck_02] set_motors L=0.56 R=0.23 → throttle=0.40 steering=0.17
UnityEngine.Debug:ExtractStackTraceNoAlloc (byte*,int,string)
UnityEngine.StackTraceUtility:ExtractStackTrace ()
UnityEngine.DebugLogHandler:Internal_Log (UnityEngine.LogType,UnityEngine.LogOption,string,UnityEngine.Object)
UnityEngine.DebugLogHandler:LogFormat (UnityEngine.LogType,UnityEngine.Object,string,object[])
UnityEngine.Logger:Log (UnityEngine.LogType,object)
UnityEngine.Debug:Log (object)
RobotSimulator.TruckController:HandleMessage (string) (at Assets/Scripts/TruckController.cs:115)
RobotSimulator.Communication.TcpServer:Update () (at Assets/Scripts/Communication/TcpServer.cs:153)

(Filename: Assets/Scripts/TruckController.cs Line: 115)

[truck_01] set_motors L=0.00 R=0.00 → throttle=0.00 steering=0.00
UnityEngine.Debug:ExtractStackTraceNoAlloc (byte*,int,string)
UnityEngine.StackTraceUtility:ExtractStackTrace ()
UnityEngine.DebugLogHandler:Internal_Log (UnityEngine.LogType,UnityEngine.LogOption,string,UnityEngine.Object)
UnityEngine.DebugLogHandler:LogFormat (UnityEngine.LogType,UnityEngine.Object,string,object[])
UnityEngine.Logger:Log (UnityEngine.LogType,object)
UnityEngine.Debug:Log (object)
RobotSimulator.TruckController:HandleMessage (string) (at Assets/Scripts/TruckController.cs:115)
RobotSimulator.Communication.TcpServer:Update () (at Assets/Scripts/Communication/TcpServer.cs:153)

(Filename: Assets/Scripts/TruckController.cs Line: 115)

[arm_01] Processing command: arm_set_joint
UnityEngine.Debug:ExtractStackTraceNoAlloc (byte*,int,string)
UnityEngine.StackTraceUtility:ExtractStackTrace ()
UnityEngine.DebugLogHandler:Internal_Log (UnityEngine.LogType,UnityEngine.LogOption,string,UnityEngine.Object)
UnityEngine.DebugLogHandler:LogFormat (UnityEngine.LogType,UnityEngine.Object,string,object[])
UnityEngine.Logger:Log (UnityEngine.LogType,object)
UnityEngine.Debug:Log (object)
RoboticArmNetworkController:HandleMessage (string) (at Assets/Scripts/RoboticArmNetworkController.cs:84)
RobotSimulator.Communication.TcpServer:Update () (at Assets/Scripts/Communication/TcpServer.cs:153)

(Filename: Assets/Scripts/RoboticArmNetworkController.cs Line: 84)

[arm_01] Set joint 0 to 0°
UnityEngine.Debug:ExtractStackTraceNoAlloc (byte*,int,string)
UnityEngine.StackTraceUtility:ExtractStackTrace ()
UnityEngine.DebugLogHandler:Internal_Log (UnityEngine.LogType,UnityEngine.LogOption,string,UnityEngine.Object)
UnityEngine.DebugLogHandler:LogFormat (UnityEngine.LogType,UnityEngine.Object,string,object[])
UnityEngine.Logger:Log (UnityEngine.LogType,object)
UnityEngine.Debug:Log (object)
RoboticArmNetworkController:HandleMessage (string) (at Assets/Scripts/RoboticArmNetworkController.cs:93)
RobotSimulator.Communication.TcpServer:Update () (at Assets/Scripts/Communication/TcpServer.cs:153)

(Filename: Assets/Scripts/RoboticArmNetworkController.cs Line: 93)

[truck_02] set_motors L=0.01 R=0.51 → throttle=0.26 steering=-0.25
UnityEngine.Debug:ExtractStackTraceNoAlloc (byte*,int,string)
UnityEngine.StackTraceUtility:ExtractStackTrace ()
UnityEngine.DebugLogHandler:Internal_Log (UnityEngine.LogType,UnityEngine.LogOption,string,UnityEngine.Object)
UnityEngine.DebugLogHandler:LogFormat (UnityEngine.LogType,UnityEngine.Object,string,object[])
UnityEngine.Logger:Log (UnityEngine.LogType,object)
UnityEngine.Debug:Log (object)
RobotSimulator.TruckController:HandleMessage (string) (at Assets/Scripts/TruckController.cs:115)
RobotSimulator.Communication.TcpServer:Update () (at Assets/Scripts/Communication/TcpServer.cs:153)

(Filename: Assets/Scripts/TruckController.cs Line: 115)

[arm_01] Processing command: arm_set_joint
UnityEngine.Debug:ExtractStackTraceNoAlloc (byte*,int,string)
UnityEngine.StackTraceUtility:ExtractStackTrace ()
UnityEngine.DebugLogHandler:Internal_Log (UnityEngine.LogType,UnityEngine.LogOption,string,UnityEngine.Object)
UnityEngine.DebugLogHandler:LogFormat (UnityEngine.LogType,UnityEngine.Object,string,object[])
UnityEngine.Logger:Log (UnityEngine.LogType,object)
UnityEngine.Debug:Log (object)
RoboticArmNetworkController:HandleMessage (string) (at Assets/Scripts/RoboticArmNetworkController.cs:84)
RobotSimulator.Communication.TcpServer:Update () (at Assets/Scripts/Communication/TcpServer.cs:153)

(Filename: Assets/Scripts/RoboticArmNetworkController.cs Line: 84)

[arm_01] Set joint 1 to 38.96471°
UnityEngine.Debug:ExtractStackTraceNoAlloc (byte*,int,string)
UnityEngine.StackTraceUtility:ExtractStackTrace ()
UnityEngine.DebugLogHandler:Internal_Log (UnityEngine.LogType,UnityEngine.LogOption,string,UnityEngine.Object)
UnityEngine.DebugLogHandler:LogFormat (UnityEngine.LogType,UnityEngine.Object,string,object[])
UnityEngine.Logger:Log (UnityEngine.LogType,object)
UnityEngine.Debug:Log (object)
RoboticArmNetworkController:HandleMessage (string) (at Assets/Scripts/RoboticArmNetworkController.cs:93)
RobotSimulator.Communication.TcpServer:Update () (at Assets/Scripts/Communication/TcpServer.cs:153)

(Filename: Assets/Scripts/RoboticArmNetworkController.cs Line: 93)

[arm_01] Processing command: arm_set_joint
UnityEngine.Debug:ExtractStackTraceNoAlloc (byte*,int,string)
UnityEngine.StackTraceUtility:ExtractStackTrace ()
UnityEngine.DebugLogHandler:Internal_Log (UnityEngine.LogType,UnityEngine.LogOption,string,UnityEngine.Object)
UnityEngine.DebugLogHandler:LogFormat (UnityEngine.LogType,UnityEngine.Object,string,object[])
UnityEngine.Logger:Log (UnityEngine.LogType,object)
UnityEngine.Debug:Log (object)
RoboticArmNetworkController:HandleMessage (string) (at Assets/Scripts/RoboticArmNetworkController.cs:84)
RobotSimulator.Communication.TcpServer:Update () (at Assets/Scripts/Communication/TcpServer.cs:153)

(Filename: Assets/Scripts/RoboticArmNetworkController.cs Line: 84)

[arm_01] Set joint 2 to 15.24706°
UnityEngine.Debug:ExtractStackTraceNoAlloc (byte*,int,string)
UnityEngine.StackTraceUtility:ExtractStackTrace ()
UnityEngine.DebugLogHandler:Internal_Log (UnityEngine.LogType,UnityEngine.LogOption,string,UnityEngine.Object)
UnityEngine.DebugLogHandler:LogFormat (UnityEngine.LogType,UnityEngine.Object,string,object[])
UnityEngine.Logger:Log (UnityEngine.LogType,object)
UnityEngine.Debug:Log (object)
RoboticArmNetworkController:HandleMessage (string) (at Assets/Scripts/RoboticArmNetworkController.cs:93)
RobotSimulator.Communication.TcpServer:Update () (at Assets/Scripts/Communication/TcpServer.cs:153)

(Filename: Assets/Scripts/RoboticArmNetworkController.cs Line: 93)

[truck_02] set_motors L=0.01 R=0.51 → throttle=0.26 steering=-0.25
UnityEngine.Debug:ExtractStackTraceNoAlloc (byte*,int,string)
UnityEngine.StackTraceUtility:ExtractStackTrace ()
UnityEngine.DebugLogHandler:Internal_Log (UnityEngine.LogType,UnityEngine.LogOption,string,UnityEngine.Object)
UnityEngine.DebugLogHandler:LogFormat (UnityEngine.LogType,UnityEngine.Object,string,object[])
UnityEngine.Logger:Log (UnityEngine.LogType,object)
UnityEngine.Debug:Log (object)
RobotSimulator.TruckController:HandleMessage (string) (at Assets/Scripts/TruckController.cs:115)
RobotSimulator.Communication.TcpServer:Update () (at Assets/Scripts/Communication/TcpServer.cs:153)

(Filename: Assets/Scripts/TruckController.cs Line: 115)

[truck_02] set_motors L=0.56 R=0.23 → throttle=0.40 steering=0.17
UnityEngine.Debug:ExtractStackTraceNoAlloc (byte*,int,string)
UnityEngine.StackTraceUtility:ExtractStackTrace ()
UnityEngine.DebugLogHandler:Internal_Log (UnityEngine.LogType,UnityEngine.LogOption,string,UnityEngine.Object)
UnityEngine.DebugLogHandler:LogFormat (UnityEngine.LogType,UnityEngine.Object,string,object[])
UnityEngine.Logger:Log (UnityEngine.LogType,object)
UnityEngine.Debug:Log (object)
RobotSimulator.TruckController:HandleMessage (string) (at Assets/Scripts/TruckController.cs:115)
RobotSimulator.Communication.TcpServer:Update () (at Assets/Scripts/Communication/TcpServer.cs:153)

(Filename: Assets/Scripts/TruckController.cs Line: 115)

[arm_01] Processing command: arm_set_gripper
UnityEngine.Debug:ExtractStackTraceNoAlloc (byte*,int,string)
UnityEngine.StackTraceUtility:ExtractStackTrace ()
UnityEngine.DebugLogHandler:Internal_Log (UnityEngine.LogType,UnityEngine.LogOption,string,UnityEngine.Object)
UnityEngine.DebugLogHandler:LogFormat (UnityEngine.LogType,UnityEngine.Object,string,object[])
UnityEngine.Logger:Log (UnityEngine.LogType,object)
UnityEngine.Debug:Log (object)
RoboticArmNetworkController:HandleMessage (string) (at Assets/Scripts/RoboticArmNetworkController.cs:84)
RobotSimulator.Communication.TcpServer:Update () (at Assets/Scripts/Communication/TcpServer.cs:153)

(Filename: Assets/Scripts/RoboticArmNetworkController.cs Line: 84)

[arm_01] Set gripper to 0.00
UnityEngine.Debug:ExtractStackTraceNoAlloc (byte*,int,string)
UnityEngine.StackTraceUtility:ExtractStackTrace ()
UnityEngine.DebugLogHandler:Internal_Log (UnityEngine.LogType,UnityEngine.LogOption,string,UnityEngine.Object)
UnityEngine.DebugLogHandler:LogFormat (UnityEngine.LogType,UnityEngine.Object,string,object[])
UnityEngine.Logger:Log (UnityEngine.LogType,object)
UnityEngine.Debug:Log (object)
RoboticArmNetworkController:HandleMessage (string) (at Assets/Scripts/RoboticArmNetworkController.cs:112)
RobotSimulator.Communication.TcpServer:Update () (at Assets/Scripts/Communication/TcpServer.cs:153)

(Filename: Assets/Scripts/RoboticArmNetworkController.cs Line: 112)

[truck_02] set_motors L=-0.18 R=0.18 → throttle=0.00 steering=-0.18
UnityEngine.Debug:ExtractStackTraceNoAlloc (byte*,int,string)
UnityEngine.StackTraceUtility:ExtractStackTrace ()
UnityEngine.DebugLogHandler:Internal_Log (UnityEngine.LogType,UnityEngine.LogOption,string,UnityEngine.Object)
UnityEngine.DebugLogHandler:LogFormat (UnityEngine.LogType,UnityEngine.Object,string,object[])
UnityEngine.Logger:Log (UnityEngine.LogType,object)
UnityEngine.Debug:Log (object)
RobotSimulator.TruckController:HandleMessage (string) (at Assets/Scripts/TruckController.cs:115)
RobotSimulator.Communication.TcpServer:Update () (at Assets/Scripts/Communication/TcpServer.cs:153)

(Filename: Assets/Scripts/TruckController.cs Line: 115)

[truck_02] set_motors L=-0.18 R=0.18 → throttle=0.00 steering=-0.18
UnityEngine.Debug:ExtractStackTraceNoAlloc (byte*,int,string)
UnityEngine.StackTraceUtility:ExtractStackTrace ()
UnityEngine.DebugLogHandler:Internal_Log (UnityEngine.LogType,UnityEngine.LogOption,string,UnityEngine.Object)
UnityEngine.DebugLogHandler:LogFormat (UnityEngine.LogType,UnityEngine.Object,string,object[])
UnityEngine.Logger:Log (UnityEngine.LogType,object)
UnityEngine.Debug:Log (object)
RobotSimulator.TruckController:HandleMessage (string) (at Assets/Scripts/TruckController.cs:115)
RobotSimulator.Communication.TcpServer:Update () (at Assets/Scripts/Communication/TcpServer.cs:153)

(Filename: Assets/Scripts/TruckController.cs Line: 115)

[truck_01] set_motors L=0.00 R=0.00 → throttle=0.00 steering=0.00
UnityEngine.Debug:ExtractStackTraceNoAlloc (byte*,int,string)
UnityEngine.StackTraceUtility:ExtractStackTrace ()
UnityEngine.DebugLogHandler:Internal_Log (UnityEngine.LogType,UnityEngine.LogOption,string,UnityEngine.Object)
UnityEngine.DebugLogHandler:LogFormat (UnityEngine.LogType,UnityEngine.Object,string,object[])
UnityEngine.Logger:Log (UnityEngine.LogType,object)
UnityEngine.Debug:Log (object)
RobotSimulator.TruckController:HandleMessage (string) (at Assets/Scripts/TruckController.cs:115)
RobotSimulator.Communication.TcpServer:Update () (at Assets/Scripts/Communication/TcpServer.cs:153)

(Filename: Assets/Scripts/TruckController.cs Line: 115)

[arm_01] Processing command: arm_set_joint
UnityEngine.Debug:ExtractStackTraceNoAlloc (byte*,int,string)
UnityEngine.StackTraceUtility:ExtractStackTrace ()
UnityEngine.DebugLogHandler:Internal_Log (UnityEngine.LogType,UnityEngine.LogOption,string,UnityEngine.Object)
UnityEngine.DebugLogHandler:LogFormat (UnityEngine.LogType,UnityEngine.Object,string,object[])
UnityEngine.Logger:Log (UnityEngine.LogType,object)
UnityEngine.Debug:Log (object)
RoboticArmNetworkController:HandleMessage (string) (at Assets/Scripts/RoboticArmNetworkController.cs:84)
RobotSimulator.Communication.TcpServer:Update () (at Assets/Scripts/Communication/TcpServer.cs:153)

(Filename: Assets/Scripts/RoboticArmNetworkController.cs Line: 84)

[arm_01] Set joint 0 to 0°
UnityEngine.Debug:ExtractStackTraceNoAlloc (byte*,int,string)
UnityEngine.StackTraceUtility:ExtractStackTrace ()
UnityEngine.DebugLogHandler:Internal_Log (UnityEngine.LogType,UnityEngine.LogOption,string,UnityEngine.Object)
UnityEngine.DebugLogHandler:LogFormat (UnityEngine.LogType,UnityEngine.Object,string,object[])
UnityEngine.Logger:Log (UnityEngine.LogType,object)
UnityEngine.Debug:Log (object)
RoboticArmNetworkController:HandleMessage (string) (at Assets/Scripts/RoboticArmNetworkController.cs:93)
RobotSimulator.Communication.TcpServer:Update () (at Assets/Scripts/Communication/TcpServer.cs:153)

(Filename: Assets/Scripts/RoboticArmNetworkController.cs Line: 93)

[truck_02] set_motors L=-0.12 R=-0.30 → throttle=-0.21 steering=0.09
UnityEngine.Debug:ExtractStackTraceNoAlloc (byte*,int,string)
UnityEngine.StackTraceUtility:ExtractStackTrace ()
UnityEngine.DebugLogHandler:Internal_Log (UnityEngine.LogType,UnityEngine.LogOption,string,UnityEngine.Object)
UnityEngine.DebugLogHandler:LogFormat (UnityEngine.LogType,UnityEngine.Object,string,object[])
UnityEngine.Logger:Log (UnityEngine.LogType,object)
UnityEngine.Debug:Log (object)
RobotSimulator.TruckController:HandleMessage (string) (at Assets/Scripts/TruckController.cs:115)
RobotSimulator.Communication.TcpServer:Update () (at Assets/Scripts/Communication/TcpServer.cs:153)

(Filename: Assets/Scripts/TruckController.cs Line: 115)

[arm_01] Processing command: arm_set_joint
UnityEngine.Debug:ExtractStackTraceNoAlloc (byte*,int,string)
UnityEngine.StackTraceUtility:ExtractStackTrace ()
UnityEngine.DebugLogHandler:Internal_Log (UnityEngine.LogType,UnityEngine.LogOption,string,UnityEngine.Object)
UnityEngine.DebugLogHandler:LogFormat (UnityEngine.LogType,UnityEngine.Object,string,object[])
UnityEngine.Logger:Log (UnityEngine.LogType,object)
UnityEngine.Debug:Log (object)
RoboticArmNetworkController:HandleMessage (string) (at Assets/Scripts/RoboticArmNetworkController.cs:84)
RobotSimulator.Communication.TcpServer:Update () (at Assets/Scripts/Communication/TcpServer.cs:153)

(Filename: Assets/Scripts/RoboticArmNetworkController.cs Line: 84)

[arm_01] Set joint 1 to 38.96471°
UnityEngine.Debug:ExtractStackTraceNoAlloc (byte*,int,string)
UnityEngine.StackTraceUtility:ExtractStackTrace ()
UnityEngine.DebugLogHandler:Internal_Log (UnityEngine.LogType,UnityEngine.LogOption,string,UnityEngine.Object)
UnityEngine.DebugLogHandler:LogFormat (UnityEngine.LogType,UnityEngine.Object,string,object[])
UnityEngine.Logger:Log (UnityEngine.LogType,object)
UnityEngine.Debug:Log (object)
RoboticArmNetworkController:HandleMessage (string) (at Assets/Scripts/RoboticArmNetworkController.cs:93)
RobotSimulator.Communication.TcpServer:Update () (at Assets/Scripts/Communication/TcpServer.cs:153)

(Filename: Assets/Scripts/RoboticArmNetworkController.cs Line: 93)

[arm_01] Processing command: arm_set_joint
UnityEngine.Debug:ExtractStackTraceNoAlloc (byte*,int,string)
UnityEngine.StackTraceUtility:ExtractStackTrace ()
UnityEngine.DebugLogHandler:Internal_Log (UnityEngine.LogType,UnityEngine.LogOption,string,UnityEngine.Object)
UnityEngine.DebugLogHandler:LogFormat (UnityEngine.LogType,UnityEngine.Object,string,object[])
UnityEngine.Logger:Log (UnityEngine.LogType,object)
UnityEngine.Debug:Log (object)
RoboticArmNetworkController:HandleMessage (string) (at Assets/Scripts/RoboticArmNetworkController.cs:84)
RobotSimulator.Communication.TcpServer:Update () (at Assets/Scripts/Communication/TcpServer.cs:153)

(Filename: Assets/Scripts/RoboticArmNetworkController.cs Line: 84)

[arm_01] Set joint 2 to 15.24706°
UnityEngine.Debug:ExtractStackTraceNoAlloc (byte*,int,string)
UnityEngine.StackTraceUtility:ExtractStackTrace ()
UnityEngine.DebugLogHandler:Internal_Log (UnityEngine.LogType,UnityEngine.LogOption,string,UnityEngine.Object)
UnityEngine.DebugLogHandler:LogFormat (UnityEngine.LogType,UnityEngine.Object,string,object[])
UnityEngine.Logger:Log (UnityEngine.LogType,object)
UnityEngine.Debug:Log (object)
RoboticArmNetworkController:HandleMessage (string) (at Assets/Scripts/RoboticArmNetworkController.cs:93)
RobotSimulator.Communication.TcpServer:Update () (at Assets/Scripts/Communication/TcpServer.cs:153)

(Filename: Assets/Scripts/RoboticArmNetworkController.cs Line: 93)

[truck_02] set_motors L=-0.12 R=-0.30 → throttle=-0.21 steering=0.09
UnityEngine.Debug:ExtractStackTraceNoAlloc (byte*,int,string)
UnityEngine.StackTraceUtility:ExtractStackTrace ()
UnityEngine.DebugLogHandler:Internal_Log (UnityEngine.LogType,UnityEngine.LogOption,string,UnityEngine.Object)
UnityEngine.DebugLogHandler:LogFormat (UnityEngine.LogType,UnityEngine.Object,string,object[])
UnityEngine.Logger:Log (UnityEngine.LogType,object)
UnityEngine.Debug:Log (object)
RobotSimulator.TruckController:HandleMessage (string) (at Assets/Scripts/TruckController.cs:115)
RobotSimulator.Communication.TcpServer:Update () (at Assets/Scripts/Communication/TcpServer.cs:153)

(Filename: Assets/Scripts/TruckController.cs Line: 115)

[truck_02] set_motors L=-0.12 R=-0.30 → throttle=-0.21 steering=0.09
UnityEngine.Debug:ExtractStackTraceNoAlloc (byte*,int,string)
UnityEngine.StackTraceUtility:ExtractStackTrace ()
UnityEngine.DebugLogHandler:Internal_Log (UnityEngine.LogType,UnityEngine.LogOption,string,UnityEngine.Object)
UnityEngine.DebugLogHandler:LogFormat (UnityEngine.LogType,UnityEngine.Object,string,object[])
UnityEngine.Logger:Log (UnityEngine.LogType,object)
UnityEngine.Debug:Log (object)
RobotSimulator.TruckController:HandleMessage (string) (at Assets/Scripts/TruckController.cs:115)
RobotSimulator.Communication.TcpServer:Update () (at Assets/Scripts/Communication/TcpServer.cs:153)

(Filename: Assets/Scripts/TruckController.cs Line: 115)

[arm_01] Processing command: arm_set_gripper
UnityEngine.Debug:ExtractStackTraceNoAlloc (byte*,int,string)
UnityEngine.StackTraceUtility:ExtractStackTrace ()
UnityEngine.DebugLogHandler:Internal_Log (UnityEngine.LogType,UnityEngine.LogOption,string,UnityEngine.Object)
UnityEngine.DebugLogHandler:LogFormat (UnityEngine.LogType,UnityEngine.Object,string,object[])
UnityEngine.Logger:Log (UnityEngine.LogType,object)
UnityEngine.Debug:Log (object)
RoboticArmNetworkController:HandleMessage (string) (at Assets/Scripts/RoboticArmNetworkController.cs:84)
RobotSimulator.Communication.TcpServer:Update () (at Assets/Scripts/Communication/TcpServer.cs:153)

(Filename: Assets/Scripts/RoboticArmNetworkController.cs Line: 84)

[arm_01] Set gripper to 0.00
UnityEngine.Debug:ExtractStackTraceNoAlloc (byte*,int,string)
UnityEngine.StackTraceUtility:ExtractStackTrace ()
UnityEngine.DebugLogHandler:Internal_Log (UnityEngine.LogType,UnityEngine.LogOption,string,UnityEngine.Object)
UnityEngine.DebugLogHandler:LogFormat (UnityEngine.LogType,UnityEngine.Object,string,object[])
UnityEngine.Logger:Log (UnityEngine.LogType,object)
UnityEngine.Debug:Log (object)
RoboticArmNetworkController:HandleMessage (string) (at Assets/Scripts/RoboticArmNetworkController.cs:112)
RobotSimulator.Communication.TcpServer:Update () (at Assets/Scripts/Communication/TcpServer.cs:153)

(Filename: Assets/Scripts/RoboticArmNetworkController.cs Line: 112)

[truck_02] set_motors L=-0.12 R=-0.30 → throttle=-0.21 steering=0.09
UnityEngine.Debug:ExtractStackTraceNoAlloc (byte*,int,string)
UnityEngine.StackTraceUtility:ExtractStackTrace ()
UnityEngine.DebugLogHandler:Internal_Log (UnityEngine.LogType,UnityEngine.LogOption,string,UnityEngine.Object)
UnityEngine.DebugLogHandler:LogFormat (UnityEngine.LogType,UnityEngine.Object,string,object[])
UnityEngine.Logger:Log (UnityEngine.LogType,object)
UnityEngine.Debug:Log (object)
RobotSimulator.TruckController:HandleMessage (string) (at Assets/Scripts/TruckController.cs:115)
RobotSimulator.Communication.TcpServer:Update () (at Assets/Scripts/Communication/TcpServer.cs:153)

(Filename: Assets/Scripts/TruckController.cs Line: 115)

[truck_02] set_motors L=-0.12 R=-0.30 → throttle=-0.21 steering=0.09
UnityEngine.Debug:ExtractStackTraceNoAlloc (byte*,int,string)
UnityEngine.StackTraceUtility:ExtractStackTrace ()
UnityEngine.DebugLogHandler:Internal_Log (UnityEngine.LogType,UnityEngine.LogOption,string,UnityEngine.Object)
UnityEngine.DebugLogHandler:LogFormat (UnityEngine.LogType,UnityEngine.Object,string,object[])
UnityEngine.Logger:Log (UnityEngine.LogType,object)
UnityEngine.Debug:Log (object)
RobotSimulator.TruckController:HandleMessage (string) (at Assets/Scripts/TruckController.cs:115)
RobotSimulator.Communication.TcpServer:Update () (at Assets/Scripts/Communication/TcpServer.cs:153)

(Filename: Assets/Scripts/TruckController.cs Line: 115)

[truck_01] set_motors L=0.00 R=0.00 → throttle=0.00 steering=0.00
UnityEngine.Debug:ExtractStackTraceNoAlloc (byte*,int,string)
UnityEngine.StackTraceUtility:ExtractStackTrace ()
UnityEngine.DebugLogHandler:Internal_Log (UnityEngine.LogType,UnityEngine.LogOption,string,UnityEngine.Object)
UnityEngine.DebugLogHandler:LogFormat (UnityEngine.LogType,UnityEngine.Object,string,object[])
UnityEngine.Logger:Log (UnityEngine.LogType,object)
UnityEngine.Debug:Log (object)
RobotSimulator.TruckController:HandleMessage (string) (at Assets/Scripts/TruckController.cs:115)
RobotSimulator.Communication.TcpServer:Update () (at Assets/Scripts/Communication/TcpServer.cs:153)

(Filename: Assets/Scripts/TruckController.cs Line: 115)

[arm_01] Processing command: arm_set_joint
UnityEngine.Debug:ExtractStackTraceNoAlloc (byte*,int,string)
UnityEngine.StackTraceUtility:ExtractStackTrace ()
UnityEngine.DebugLogHandler:Internal_Log (UnityEngine.LogType,UnityEngine.LogOption,string,UnityEngine.Object)
UnityEngine.DebugLogHandler:LogFormat (UnityEngine.LogType,UnityEngine.Object,string,object[])
UnityEngine.Logger:Log (UnityEngine.LogType,object)
UnityEngine.Debug:Log (object)
RoboticArmNetworkController:HandleMessage (string) (at Assets/Scripts/RoboticArmNetworkController.cs:84)
RobotSimulator.Communication.TcpServer:Update () (at Assets/Scripts/Communication/TcpServer.cs:153)

(Filename: Assets/Scripts/RoboticArmNetworkController.cs Line: 84)

[arm_01] Set joint 0 to 0°
UnityEngine.Debug:ExtractStackTraceNoAlloc (byte*,int,string)
UnityEngine.StackTraceUtility:ExtractStackTrace ()
UnityEngine.DebugLogHandler:Internal_Log (UnityEngine.LogType,UnityEngine.LogOption,string,UnityEngine.Object)
UnityEngine.DebugLogHandler:LogFormat (UnityEngine.LogType,UnityEngine.Object,string,object[])
UnityEngine.Logger:Log (UnityEngine.LogType,object)
UnityEngine.Debug:Log (object)
RoboticArmNetworkController:HandleMessage (string) (at Assets/Scripts/RoboticArmNetworkController.cs:93)
RobotSimulator.Communication.TcpServer:Update () (at Assets/Scripts/Communication/TcpServer.cs:153)

(Filename: Assets/Scripts/RoboticArmNetworkController.cs Line: 93)

[truck_02] set_motors L=0.30 R=-0.30 → throttle=0.00 steering=0.30
UnityEngine.Debug:ExtractStackTraceNoAlloc (byte*,int,string)
UnityEngine.StackTraceUtility:ExtractStackTrace ()
UnityEngine.DebugLogHandler:Internal_Log (UnityEngine.LogType,UnityEngine.LogOption,string,UnityEngine.Object)
UnityEngine.DebugLogHandler:LogFormat (UnityEngine.LogType,UnityEngine.Object,string,object[])
UnityEngine.Logger:Log (UnityEngine.LogType,object)
UnityEngine.Debug:Log (object)
RobotSimulator.TruckController:HandleMessage (string) (at Assets/Scripts/TruckController.cs:115)
RobotSimulator.Communication.TcpServer:Update () (at Assets/Scripts/Communication/TcpServer.cs:153)

(Filename: Assets/Scripts/TruckController.cs Line: 115)

[arm_01] Processing command: arm_set_joint
UnityEngine.Debug:ExtractStackTraceNoAlloc (byte*,int,string)
UnityEngine.StackTraceUtility:ExtractStackTrace ()
UnityEngine.DebugLogHandler:Internal_Log (UnityEngine.LogType,UnityEngine.LogOption,string,UnityEngine.Object)
UnityEngine.DebugLogHandler:LogFormat (UnityEngine.LogType,UnityEngine.Object,string,object[])
UnityEngine.Logger:Log (UnityEngine.LogType,object)
UnityEngine.Debug:Log (object)
RoboticArmNetworkController:HandleMessage (string) (at Assets/Scripts/RoboticArmNetworkController.cs:84)
RobotSimulator.Communication.TcpServer:Update () (at Assets/Scripts/Communication/TcpServer.cs:153)

(Filename: Assets/Scripts/RoboticArmNetworkController.cs Line: 84)

[arm_01] Set joint 1 to 38.96471°
UnityEngine.Debug:ExtractStackTraceNoAlloc (byte*,int,string)
UnityEngine.StackTraceUtility:ExtractStackTrace ()
UnityEngine.DebugLogHandler:Internal_Log (UnityEngine.LogType,UnityEngine.LogOption,string,UnityEngine.Object)
UnityEngine.DebugLogHandler:LogFormat (UnityEngine.LogType,UnityEngine.Object,string,object[])
UnityEngine.Logger:Log (UnityEngine.LogType,object)
UnityEngine.Debug:Log (object)
RoboticArmNetworkController:HandleMessage (string) (at Assets/Scripts/RoboticArmNetworkController.cs:93)
RobotSimulator.Communication.TcpServer:Update () (at Assets/Scripts/Communication/TcpServer.cs:153)

(Filename: Assets/Scripts/RoboticArmNetworkController.cs Line: 93)

[arm_01] Processing command: arm_set_joint
UnityEngine.Debug:ExtractStackTraceNoAlloc (byte*,int,string)
UnityEngine.StackTraceUtility:ExtractStackTrace ()
UnityEngine.DebugLogHandler:Internal_Log (UnityEngine.LogType,UnityEngine.LogOption,string,UnityEngine.Object)
UnityEngine.DebugLogHandler:LogFormat (UnityEngine.LogType,UnityEngine.Object,string,object[])
UnityEngine.Logger:Log (UnityEngine.LogType,object)
UnityEngine.Debug:Log (object)
RoboticArmNetworkController:HandleMessage (string) (at Assets/Scripts/RoboticArmNetworkController.cs:84)
RobotSimulator.Communication.TcpServer:Update () (at Assets/Scripts/Communication/TcpServer.cs:153)

(Filename: Assets/Scripts/RoboticArmNetworkController.cs Line: 84)

[arm_01] Set joint 2 to 15.24706°
UnityEngine.Debug:ExtractStackTraceNoAlloc (byte*,int,string)
UnityEngine.StackTraceUtility:ExtractStackTrace ()
UnityEngine.DebugLogHandler:Internal_Log (UnityEngine.LogType,UnityEngine.LogOption,string,UnityEngine.Object)
UnityEngine.DebugLogHandler:LogFormat (UnityEngine.LogType,UnityEngine.Object,string,object[])
UnityEngine.Logger:Log (UnityEngine.LogType,object)
UnityEngine.Debug:Log (object)
RoboticArmNetworkController:HandleMessage (string) (at Assets/Scripts/RoboticArmNetworkController.cs:93)
RobotSimulator.Communication.TcpServer:Update () (at Assets/Scripts/Communication/TcpServer.cs:153)

(Filename: Assets/Scripts/RoboticArmNetworkController.cs Line: 93)

[truck_02] set_motors L=0.55 R=0.31 → throttle=0.43 steering=0.12
UnityEngine.Debug:ExtractStackTraceNoAlloc (byte*,int,string)
UnityEngine.StackTraceUtility:ExtractStackTrace ()
UnityEngine.DebugLogHandler:Internal_Log (UnityEngine.LogType,UnityEngine.LogOption,string,UnityEngine.Object)
UnityEngine.DebugLogHandler:LogFormat (UnityEngine.LogType,UnityEngine.Object,string,object[])
UnityEngine.Logger:Log (UnityEngine.LogType,object)
UnityEngine.Debug:Log (object)
RobotSimulator.TruckController:HandleMessage (string) (at Assets/Scripts/TruckController.cs:115)
RobotSimulator.Communication.TcpServer:Update () (at Assets/Scripts/Communication/TcpServer.cs:153)

(Filename: Assets/Scripts/TruckController.cs Line: 115)

[truck_02] set_motors L=0.01 R=0.51 → throttle=0.26 steering=-0.25
UnityEngine.Debug:ExtractStackTraceNoAlloc (byte*,int,string)
UnityEngine.StackTraceUtility:ExtractStackTrace ()
UnityEngine.DebugLogHandler:Internal_Log (UnityEngine.LogType,UnityEngine.LogOption,string,UnityEngine.Object)
UnityEngine.DebugLogHandler:LogFormat (UnityEngine.LogType,UnityEngine.Object,string,object[])
UnityEngine.Logger:Log (UnityEngine.LogType,object)
UnityEngine.Debug:Log (object)
RobotSimulator.TruckController:HandleMessage (string) (at Assets/Scripts/TruckController.cs:115)
RobotSimulator.Communication.TcpServer:Update () (at Assets/Scripts/Communication/TcpServer.cs:153)

(Filename: Assets/Scripts/TruckController.cs Line: 115)

[arm_01] Processing command: arm_set_gripper
UnityEngine.Debug:ExtractStackTraceNoAlloc (byte*,int,string)
UnityEngine.StackTraceUtility:ExtractStackTrace ()
UnityEngine.DebugLogHandler:Internal_Log (UnityEngine.LogType,UnityEngine.LogOption,string,UnityEngine.Object)
UnityEngine.DebugLogHandler:LogFormat (UnityEngine.LogType,UnityEngine.Object,string,object[])
UnityEngine.Logger:Log (UnityEngine.LogType,object)
UnityEngine.Debug:Log (object)
RoboticArmNetworkController:HandleMessage (string) (at Assets/Scripts/RoboticArmNetworkController.cs:84)
RobotSimulator.Communication.TcpServer:Update () (at Assets/Scripts/Communication/TcpServer.cs:153)

(Filename: Assets/Scripts/RoboticArmNetworkController.cs Line: 84)

[arm_01] Set gripper to 0.00
UnityEngine.Debug:ExtractStackTraceNoAlloc (byte*,int,string)
UnityEngine.StackTraceUtility:ExtractStackTrace ()
UnityEngine.DebugLogHandler:Internal_Log (UnityEngine.LogType,UnityEngine.LogOption,string,UnityEngine.Object)
UnityEngine.DebugLogHandler:LogFormat (UnityEngine.LogType,UnityEngine.Object,string,object[])
UnityEngine.Logger:Log (UnityEngine.LogType,object)
UnityEngine.Debug:Log (object)
RoboticArmNetworkController:HandleMessage (string) (at Assets/Scripts/RoboticArmNetworkController.cs:112)
RobotSimulator.Communication.TcpServer:Update () (at Assets/Scripts/Communication/TcpServer.cs:153)

(Filename: Assets/Scripts/RoboticArmNetworkController.cs Line: 112)

[truck_02] set_motors L=0.01 R=0.51 → throttle=0.26 steering=-0.25
UnityEngine.Debug:ExtractStackTraceNoAlloc (byte*,int,string)
UnityEngine.StackTraceUtility:ExtractStackTrace ()
UnityEngine.DebugLogHandler:Internal_Log (UnityEngine.LogType,UnityEngine.LogOption,string,UnityEngine.Object)
UnityEngine.DebugLogHandler:LogFormat (UnityEngine.LogType,UnityEngine.Object,string,object[])
UnityEngine.Logger:Log (UnityEngine.LogType,object)
UnityEngine.Debug:Log (object)
RobotSimulator.TruckController:HandleMessage (string) (at Assets/Scripts/TruckController.cs:115)
RobotSimulator.Communication.TcpServer:Update () (at Assets/Scripts/Communication/TcpServer.cs:153)

(Filename: Assets/Scripts/TruckController.cs Line: 115)

[truck_02] set_motors L=0.01 R=0.51 → throttle=0.26 steering=-0.25
UnityEngine.Debug:ExtractStackTraceNoAlloc (byte*,int,string)
UnityEngine.StackTraceUtility:ExtractStackTrace ()
UnityEngine.DebugLogHandler:Internal_Log (UnityEngine.LogType,UnityEngine.LogOption,string,UnityEngine.Object)
UnityEngine.DebugLogHandler:LogFormat (UnityEngine.LogType,UnityEngine.Object,string,object[])
UnityEngine.Logger:Log (UnityEngine.LogType,object)
UnityEngine.Debug:Log (object)
RobotSimulator.TruckController:HandleMessage (string) (at Assets/Scripts/TruckController.cs:115)
RobotSimulator.Communication.TcpServer:Update () (at Assets/Scripts/Communication/TcpServer.cs:153)

(Filename: Assets/Scripts/TruckController.cs Line: 115)

[truck_01] set_motors L=0.00 R=0.00 → throttle=0.00 steering=0.00
UnityEngine.Debug:ExtractStackTraceNoAlloc (byte*,int,string)
UnityEngine.StackTraceUtility:ExtractStackTrace ()
UnityEngine.DebugLogHandler:Internal_Log (UnityEngine.LogType,UnityEngine.LogOption,string,UnityEngine.Object)
UnityEngine.DebugLogHandler:LogFormat (UnityEngine.LogType,UnityEngine.Object,string,object[])
UnityEngine.Logger:Log (UnityEngine.LogType,object)
UnityEngine.Debug:Log (object)
RobotSimulator.TruckController:HandleMessage (string) (at Assets/Scripts/TruckController.cs:115)
RobotSimulator.Communication.TcpServer:Update () (at Assets/Scripts/Communication/TcpServer.cs:153)

(Filename: Assets/Scripts/TruckController.cs Line: 115)

[arm_01] Processing command: arm_set_joint
UnityEngine.Debug:ExtractStackTraceNoAlloc (byte*,int,string)
UnityEngine.StackTraceUtility:ExtractStackTrace ()
UnityEngine.DebugLogHandler:Internal_Log (UnityEngine.LogType,UnityEngine.LogOption,string,UnityEngine.Object)
UnityEngine.DebugLogHandler:LogFormat (UnityEngine.LogType,UnityEngine.Object,string,object[])
UnityEngine.Logger:Log (UnityEngine.LogType,object)
UnityEngine.Debug:Log (object)
RoboticArmNetworkController:HandleMessage (string) (at Assets/Scripts/RoboticArmNetworkController.cs:84)
RobotSimulator.Communication.TcpServer:Update () (at Assets/Scripts/Communication/TcpServer.cs:153)

(Filename: Assets/Scripts/RoboticArmNetworkController.cs Line: 84)

[arm_01] Set joint 0 to 0°
UnityEngine.Debug:ExtractStackTraceNoAlloc (byte*,int,string)
UnityEngine.StackTraceUtility:ExtractStackTrace ()
UnityEngine.DebugLogHandler:Internal_Log (UnityEngine.LogType,UnityEngine.LogOption,string,UnityEngine.Object)
UnityEngine.DebugLogHandler:LogFormat (UnityEngine.LogType,UnityEngine.Object,string,object[])
UnityEngine.Logger:Log (UnityEngine.LogType,object)
UnityEngine.Debug:Log (object)
RoboticArmNetworkController:HandleMessage (string) (at Assets/Scripts/RoboticArmNetworkController.cs:93)
RobotSimulator.Communication.TcpServer:Update () (at Assets/Scripts/Communication/TcpServer.cs:153)

(Filename: Assets/Scripts/RoboticArmNetworkController.cs Line: 93)

[truck_02] set_motors L=0.01 R=0.51 → throttle=0.26 steering=-0.25
UnityEngine.Debug:ExtractStackTraceNoAlloc (byte*,int,string)
UnityEngine.StackTraceUtility:ExtractStackTrace ()
UnityEngine.DebugLogHandler:Internal_Log (UnityEngine.LogType,UnityEngine.LogOption,string,UnityEngine.Object)
UnityEngine.DebugLogHandler:LogFormat (UnityEngine.LogType,UnityEngine.Object,string,object[])
UnityEngine.Logger:Log (UnityEngine.LogType,object)
UnityEngine.Debug:Log (object)
RobotSimulator.TruckController:HandleMessage (string) (at Assets/Scripts/TruckController.cs:115)
RobotSimulator.Communication.TcpServer:Update () (at Assets/Scripts/Communication/TcpServer.cs:153)

(Filename: Assets/Scripts/TruckController.cs Line: 115)

[truck_02] set_motors L=0.01 R=0.51 → throttle=0.26 steering=-0.25
UnityEngine.Debug:ExtractStackTraceNoAlloc (byte*,int,string)
UnityEngine.StackTraceUtility:ExtractStackTrace ()
UnityEngine.DebugLogHandler:Internal_Log (UnityEngine.LogType,UnityEngine.LogOption,string,UnityEngine.Object)
UnityEngine.DebugLogHandler:LogFormat (UnityEngine.LogType,UnityEngine.Object,string,object[])
UnityEngine.Logger:Log (UnityEngine.LogType,object)
UnityEngine.Debug:Log (object)
RobotSimulator.TruckController:HandleMessage (string) (at Assets/Scripts/TruckController.cs:115)
RobotSimulator.Communication.TcpServer:Update () (at Assets/Scripts/Communication/TcpServer.cs:153)

(Filename: Assets/Scripts/TruckController.cs Line: 115)

[arm_01] Processing command: arm_set_joint
UnityEngine.Debug:ExtractStackTraceNoAlloc (byte*,int,string)
UnityEngine.StackTraceUtility:ExtractStackTrace ()
UnityEngine.DebugLogHandler:Internal_Log (UnityEngine.LogType,UnityEngine.LogOption,string,UnityEngine.Object)
UnityEngine.DebugLogHandler:LogFormat (UnityEngine.LogType,UnityEngine.Object,string,object[])
UnityEngine.Logger:Log (UnityEngine.LogType,object)
UnityEngine.Debug:Log (object)
RoboticArmNetworkController:HandleMessage (string) (at Assets/Scripts/RoboticArmNetworkController.cs:84)
RobotSimulator.Communication.TcpServer:Update () (at Assets/Scripts/Communication/TcpServer.cs:153)

(Filename: Assets/Scripts/RoboticArmNetworkController.cs Line: 84)

[arm_01] Set joint 1 to 38.96471°
UnityEngine.Debug:ExtractStackTraceNoAlloc (byte*,int,string)
UnityEngine.StackTraceUtility:ExtractStackTrace ()
UnityEngine.DebugLogHandler:Internal_Log (UnityEngine.LogType,UnityEngine.LogOption,string,UnityEngine.Object)
UnityEngine.DebugLogHandler:LogFormat (UnityEngine.LogType,UnityEngine.Object,string,object[])
UnityEngine.Logger:Log (UnityEngine.LogType,object)
UnityEngine.Debug:Log (object)
RoboticArmNetworkController:HandleMessage (string) (at Assets/Scripts/RoboticArmNetworkController.cs:93)
RobotSimulator.Communication.TcpServer:Update () (at Assets/Scripts/Communication/TcpServer.cs:153)

(Filename: Assets/Scripts/RoboticArmNetworkController.cs Line: 93)

[arm_01] Processing command: arm_set_joint
UnityEngine.Debug:ExtractStackTraceNoAlloc (byte*,int,string)
UnityEngine.StackTraceUtility:ExtractStackTrace ()
UnityEngine.DebugLogHandler:Internal_Log (UnityEngine.LogType,UnityEngine.LogOption,string,UnityEngine.Object)
UnityEngine.DebugLogHandler:LogFormat (UnityEngine.LogType,UnityEngine.Object,string,object[])
UnityEngine.Logger:Log (UnityEngine.LogType,object)
UnityEngine.Debug:Log (object)
RoboticArmNetworkController:HandleMessage (string) (at Assets/Scripts/RoboticArmNetworkController.cs:84)
RobotSimulator.Communication.TcpServer:Update () (at Assets/Scripts/Communication/TcpServer.cs:153)

(Filename: Assets/Scripts/RoboticArmNetworkController.cs Line: 84)

[arm_01] Set joint 2 to 15.24706°
UnityEngine.Debug:ExtractStackTraceNoAlloc (byte*,int,string)
UnityEngine.StackTraceUtility:ExtractStackTrace ()
UnityEngine.DebugLogHandler:Internal_Log (UnityEngine.LogType,UnityEngine.LogOption,string,UnityEngine.Object)
UnityEngine.DebugLogHandler:LogFormat (UnityEngine.LogType,UnityEngine.Object,string,object[])
UnityEngine.Logger:Log (UnityEngine.LogType,object)
UnityEngine.Debug:Log (object)
RoboticArmNetworkController:HandleMessage (string) (at Assets/Scripts/RoboticArmNetworkController.cs:93)
RobotSimulator.Communication.TcpServer:Update () (at Assets/Scripts/Communication/TcpServer.cs:153)

(Filename: Assets/Scripts/RoboticArmNetworkController.cs Line: 93)

[truck_02] set_motors L=0.56 R=0.23 → throttle=0.40 steering=0.17
UnityEngine.Debug:ExtractStackTraceNoAlloc (byte*,int,string)
UnityEngine.StackTraceUtility:ExtractStackTrace ()
UnityEngine.DebugLogHandler:Internal_Log (UnityEngine.LogType,UnityEngine.LogOption,string,UnityEngine.Object)
UnityEngine.DebugLogHandler:LogFormat (UnityEngine.LogType,UnityEngine.Object,string,object[])
UnityEngine.Logger:Log (UnityEngine.LogType,object)
UnityEngine.Debug:Log (object)
RobotSimulator.TruckController:HandleMessage (string) (at Assets/Scripts/TruckController.cs:115)
RobotSimulator.Communication.TcpServer:Update () (at Assets/Scripts/Communication/TcpServer.cs:153)

(Filename: Assets/Scripts/TruckController.cs Line: 115)

[truck_02] set_motors L=-0.12 R=-0.30 → throttle=-0.21 steering=0.09
UnityEngine.Debug:ExtractStackTraceNoAlloc (byte*,int,string)
UnityEngine.StackTraceUtility:ExtractStackTrace ()
UnityEngine.DebugLogHandler:Internal_Log (UnityEngine.LogType,UnityEngine.LogOption,string,UnityEngine.Object)
UnityEngine.DebugLogHandler:LogFormat (UnityEngine.LogType,UnityEngine.Object,string,object[])
UnityEngine.Logger:Log (UnityEngine.LogType,object)
UnityEngine.Debug:Log (object)
RobotSimulator.TruckController:HandleMessage (string) (at Assets/Scripts/TruckController.cs:115)
RobotSimulator.Communication.TcpServer:Update () (at Assets/Scripts/Communication/TcpServer.cs:153)

(Filename: Assets/Scripts/TruckController.cs Line: 115)

[arm_01] Processing command: arm_set_gripper
UnityEngine.Debug:ExtractStackTraceNoAlloc (byte*,int,string)
UnityEngine.StackTraceUtility:ExtractStackTrace ()
UnityEngine.DebugLogHandler:Internal_Log (UnityEngine.LogType,UnityEngine.LogOption,string,UnityEngine.Object)
UnityEngine.DebugLogHandler:LogFormat (UnityEngine.LogType,UnityEngine.Object,string,object[])
UnityEngine.Logger:Log (UnityEngine.LogType,object)
UnityEngine.Debug:Log (object)
RoboticArmNetworkController:HandleMessage (string) (at Assets/Scripts/RoboticArmNetworkController.cs:84)
RobotSimulator.Communication.TcpServer:Update () (at Assets/Scripts/Communication/TcpServer.cs:153)

(Filename: Assets/Scripts/RoboticArmNetworkController.cs Line: 84)

[arm_01] Set gripper to 0.00
UnityEngine.Debug:ExtractStackTraceNoAlloc (byte*,int,string)
UnityEngine.StackTraceUtility:ExtractStackTrace ()
UnityEngine.DebugLogHandler:Internal_Log (UnityEngine.LogType,UnityEngine.LogOption,string,UnityEngine.Object)
UnityEngine.DebugLogHandler:LogFormat (UnityEngine.LogType,UnityEngine.Object,string,object[])
UnityEngine.Logger:Log (UnityEngine.LogType,object)
UnityEngine.Debug:Log (object)
RoboticArmNetworkController:HandleMessage (string) (at Assets/Scripts/RoboticArmNetworkController.cs:112)
RobotSimulator.Communication.TcpServer:Update () (at Assets/Scripts/Communication/TcpServer.cs:153)

(Filename: Assets/Scripts/RoboticArmNetworkController.cs Line: 112)

[truck_02] set_motors L=-0.12 R=-0.30 → throttle=-0.21 steering=0.09
UnityEngine.Debug:ExtractStackTraceNoAlloc (byte*,int,string)
UnityEngine.StackTraceUtility:ExtractStackTrace ()
UnityEngine.DebugLogHandler:Internal_Log (UnityEngine.LogType,UnityEngine.LogOption,string,UnityEngine.Object)
UnityEngine.DebugLogHandler:LogFormat (UnityEngine.LogType,UnityEngine.Object,string,object[])
UnityEngine.Logger:Log (UnityEngine.LogType,object)
UnityEngine.Debug:Log (object)
RobotSimulator.TruckController:HandleMessage (string) (at Assets/Scripts/TruckController.cs:115)
RobotSimulator.Communication.TcpServer:Update () (at Assets/Scripts/Communication/TcpServer.cs:153)

(Filename: Assets/Scripts/TruckController.cs Line: 115)

[truck_02] set_motors L=-0.12 R=-0.30 → throttle=-0.21 steering=0.09
UnityEngine.Debug:ExtractStackTraceNoAlloc (byte*,int,string)
UnityEngine.StackTraceUtility:ExtractStackTrace ()
UnityEngine.DebugLogHandler:Internal_Log (UnityEngine.LogType,UnityEngine.LogOption,string,UnityEngine.Object)
UnityEngine.DebugLogHandler:LogFormat (UnityEngine.LogType,UnityEngine.Object,string,object[])
UnityEngine.Logger:Log (UnityEngine.LogType,object)
UnityEngine.Debug:Log (object)
RobotSimulator.TruckController:HandleMessage (string) (at Assets/Scripts/TruckController.cs:115)
RobotSimulator.Communication.TcpServer:Update () (at Assets/Scripts/Communication/TcpServer.cs:153)

(Filename: Assets/Scripts/TruckController.cs Line: 115)

[truck_01] set_motors L=0.00 R=0.00 → throttle=0.00 steering=0.00
UnityEngine.Debug:ExtractStackTraceNoAlloc (byte*,int,string)
UnityEngine.StackTraceUtility:ExtractStackTrace ()
UnityEngine.DebugLogHandler:Internal_Log (UnityEngine.LogType,UnityEngine.LogOption,string,UnityEngine.Object)
UnityEngine.DebugLogHandler:LogFormat (UnityEngine.LogType,UnityEngine.Object,string,object[])
UnityEngine.Logger:Log (UnityEngine.LogType,object)
UnityEngine.Debug:Log (object)
RobotSimulator.TruckController:HandleMessage (string) (at Assets/Scripts/TruckController.cs:115)
RobotSimulator.Communication.TcpServer:Update () (at Assets/Scripts/Communication/TcpServer.cs:153)

(Filename: Assets/Scripts/TruckController.cs Line: 115)

[arm_01] Processing command: arm_set_joint
UnityEngine.Debug:ExtractStackTraceNoAlloc (byte*,int,string)
UnityEngine.StackTraceUtility:ExtractStackTrace ()
UnityEngine.DebugLogHandler:Internal_Log (UnityEngine.LogType,UnityEngine.LogOption,string,UnityEngine.Object)
UnityEngine.DebugLogHandler:LogFormat (UnityEngine.LogType,UnityEngine.Object,string,object[])
UnityEngine.Logger:Log (UnityEngine.LogType,object)
UnityEngine.Debug:Log (object)
RoboticArmNetworkController:HandleMessage (string) (at Assets/Scripts/RoboticArmNetworkController.cs:84)
RobotSimulator.Communication.TcpServer:Update () (at Assets/Scripts/Communication/TcpServer.cs:153)

(Filename: Assets/Scripts/RoboticArmNetworkController.cs Line: 84)

[arm_01] Set joint 0 to 0°
UnityEngine.Debug:ExtractStackTraceNoAlloc (byte*,int,string)
UnityEngine.StackTraceUtility:ExtractStackTrace ()
UnityEngine.DebugLogHandler:Internal_Log (UnityEngine.LogType,UnityEngine.LogOption,string,UnityEngine.Object)
UnityEngine.DebugLogHandler:LogFormat (UnityEngine.LogType,UnityEngine.Object,string,object[])
UnityEngine.Logger:Log (UnityEngine.LogType,object)
UnityEngine.Debug:Log (object)
RoboticArmNetworkController:HandleMessage (string) (at Assets/Scripts/RoboticArmNetworkController.cs:93)
RobotSimulator.Communication.TcpServer:Update () (at Assets/Scripts/Communication/TcpServer.cs:153)

(Filename: Assets/Scripts/RoboticArmNetworkController.cs Line: 93)

[truck_02] set_motors L=-0.12 R=-0.30 → throttle=-0.21 steering=0.09
UnityEngine.Debug:ExtractStackTraceNoAlloc (byte*,int,string)
UnityEngine.StackTraceUtility:ExtractStackTrace ()
UnityEngine.DebugLogHandler:Internal_Log (UnityEngine.LogType,UnityEngine.LogOption,string,UnityEngine.Object)
UnityEngine.DebugLogHandler:LogFormat (UnityEngine.LogType,UnityEngine.Object,string,object[])
UnityEngine.Logger:Log (UnityEngine.LogType,object)
UnityEngine.Debug:Log (object)
RobotSimulator.TruckController:HandleMessage (string) (at Assets/Scripts/TruckController.cs:115)
RobotSimulator.Communication.TcpServer:Update () (at Assets/Scripts/Communication/TcpServer.cs:153)

(Filename: Assets/Scripts/TruckController.cs Line: 115)

[arm_01] Processing command: arm_set_joint
UnityEngine.Debug:ExtractStackTraceNoAlloc (byte*,int,string)
UnityEngine.StackTraceUtility:ExtractStackTrace ()
UnityEngine.DebugLogHandler:Internal_Log (UnityEngine.LogType,UnityEngine.LogOption,string,UnityEngine.Object)
UnityEngine.DebugLogHandler:LogFormat (UnityEngine.LogType,UnityEngine.Object,string,object[])
UnityEngine.Logger:Log (UnityEngine.LogType,object)
UnityEngine.Debug:Log (object)
RoboticArmNetworkController:HandleMessage (string) (at Assets/Scripts/RoboticArmNetworkController.cs:84)
RobotSimulator.Communication.TcpServer:Update () (at Assets/Scripts/Communication/TcpServer.cs:153)

(Filename: Assets/Scripts/RoboticArmNetworkController.cs Line: 84)

[arm_01] Set joint 1 to 38.96471°
UnityEngine.Debug:ExtractStackTraceNoAlloc (byte*,int,string)
UnityEngine.StackTraceUtility:ExtractStackTrace ()
UnityEngine.DebugLogHandler:Internal_Log (UnityEngine.LogType,UnityEngine.LogOption,string,UnityEngine.Object)
UnityEngine.DebugLogHandler:LogFormat (UnityEngine.LogType,UnityEngine.Object,string,object[])
UnityEngine.Logger:Log (UnityEngine.LogType,object)
UnityEngine.Debug:Log (object)
RoboticArmNetworkController:HandleMessage (string) (at Assets/Scripts/RoboticArmNetworkController.cs:93)
RobotSimulator.Communication.TcpServer:Update () (at Assets/Scripts/Communication/TcpServer.cs:153)

(Filename: Assets/Scripts/RoboticArmNetworkController.cs Line: 93)

[arm_01] Processing command: arm_set_joint
UnityEngine.Debug:ExtractStackTraceNoAlloc (byte*,int,string)
UnityEngine.StackTraceUtility:ExtractStackTrace ()
UnityEngine.DebugLogHandler:Internal_Log (UnityEngine.LogType,UnityEngine.LogOption,string,UnityEngine.Object)
UnityEngine.DebugLogHandler:LogFormat (UnityEngine.LogType,UnityEngine.Object,string,object[])
UnityEngine.Logger:Log (UnityEngine.LogType,object)
UnityEngine.Debug:Log (object)
RoboticArmNetworkController:HandleMessage (string) (at Assets/Scripts/RoboticArmNetworkController.cs:84)
RobotSimulator.Communication.TcpServer:Update () (at Assets/Scripts/Communication/TcpServer.cs:153)

(Filename: Assets/Scripts/RoboticArmNetworkController.cs Line: 84)

[arm_01] Set joint 2 to 15.24706°
UnityEngine.Debug:ExtractStackTraceNoAlloc (byte*,int,string)
UnityEngine.StackTraceUtility:ExtractStackTrace ()
UnityEngine.DebugLogHandler:Internal_Log (UnityEngine.LogType,UnityEngine.LogOption,string,UnityEngine.Object)
UnityEngine.DebugLogHandler:LogFormat (UnityEngine.LogType,UnityEngine.Object,string,object[])
UnityEngine.Logger:Log (UnityEngine.LogType,object)
UnityEngine.Debug:Log (object)
RoboticArmNetworkController:HandleMessage (string) (at Assets/Scripts/RoboticArmNetworkController.cs:93)
RobotSimulator.Communication.TcpServer:Update () (at Assets/Scripts/Communication/TcpServer.cs:153)

(Filename: Assets/Scripts/RoboticArmNetworkController.cs Line: 93)

[truck_02] set_motors L=-0.12 R=-0.30 → throttle=-0.21 steering=0.09
UnityEngine.Debug:ExtractStackTraceNoAlloc (byte*,int,string)
UnityEngine.StackTraceUtility:ExtractStackTrace ()
UnityEngine.DebugLogHandler:Internal_Log (UnityEngine.LogType,UnityEngine.LogOption,string,UnityEngine.Object)
UnityEngine.DebugLogHandler:LogFormat (UnityEngine.LogType,UnityEngine.Object,string,object[])
UnityEngine.Logger:Log (UnityEngine.LogType,object)
UnityEngine.Debug:Log (object)
RobotSimulator.TruckController:HandleMessage (string) (at Assets/Scripts/TruckController.cs:115)
RobotSimulator.Communication.TcpServer:Update () (at Assets/Scripts/Communication/TcpServer.cs:153)

(Filename: Assets/Scripts/TruckController.cs Line: 115)

[truck_02] set_motors L=0.30 R=-0.30 → throttle=0.00 steering=0.30
UnityEngine.Debug:ExtractStackTraceNoAlloc (byte*,int,string)
UnityEngine.StackTraceUtility:ExtractStackTrace ()
UnityEngine.DebugLogHandler:Internal_Log (UnityEngine.LogType,UnityEngine.LogOption,string,UnityEngine.Object)
UnityEngine.DebugLogHandler:LogFormat (UnityEngine.LogType,UnityEngine.Object,string,object[])
UnityEngine.Logger:Log (UnityEngine.LogType,object)
UnityEngine.Debug:Log (object)
RobotSimulator.TruckController:HandleMessage (string) (at Assets/Scripts/TruckController.cs:115)
RobotSimulator.Communication.TcpServer:Update () (at Assets/Scripts/Communication/TcpServer.cs:153)

(Filename: Assets/Scripts/TruckController.cs Line: 115)

[truck_02] set_motors L=0.50 R=0.50 → throttle=0.50 steering=0.00
UnityEngine.Debug:ExtractStackTraceNoAlloc (byte*,int,string)
UnityEngine.StackTraceUtility:ExtractStackTrace ()
UnityEngine.DebugLogHandler:Internal_Log (UnityEngine.LogType,UnityEngine.LogOption,string,UnityEngine.Object)
UnityEngine.DebugLogHandler:LogFormat (UnityEngine.LogType,UnityEngine.Object,string,object[])
UnityEngine.Logger:Log (UnityEngine.LogType,object)
UnityEngine.Debug:Log (object)
RobotSimulator.TruckController:HandleMessage (string) (at Assets/Scripts/TruckController.cs:115)
RobotSimulator.Communication.TcpServer:Update () (at Assets/Scripts/Communication/TcpServer.cs:153)

(Filename: Assets/Scripts/TruckController.cs Line: 115)

[arm_01] Processing command: arm_set_gripper
UnityEngine.Debug:ExtractStackTraceNoAlloc (byte*,int,string)
UnityEngine.StackTraceUtility:ExtractStackTrace ()
UnityEngine.DebugLogHandler:Internal_Log (UnityEngine.LogType,UnityEngine.LogOption,string,UnityEngine.Object)
UnityEngine.DebugLogHandler:LogFormat (UnityEngine.LogType,UnityEngine.Object,string,object[])
UnityEngine.Logger:Log (UnityEngine.LogType,object)
UnityEngine.Debug:Log (object)
RoboticArmNetworkController:HandleMessage (string) (at Assets/Scripts/RoboticArmNetworkController.cs:84)
RobotSimulator.Communication.TcpServer:Update () (at Assets/Scripts/Communication/TcpServer.cs:153)

(Filename: Assets/Scripts/RoboticArmNetworkController.cs Line: 84)

[arm_01] Set gripper to 0.00
UnityEngine.Debug:ExtractStackTraceNoAlloc (byte*,int,string)
UnityEngine.StackTraceUtility:ExtractStackTrace ()
UnityEngine.DebugLogHandler:Internal_Log (UnityEngine.LogType,UnityEngine.LogOption,string,UnityEngine.Object)
UnityEngine.DebugLogHandler:LogFormat (UnityEngine.LogType,UnityEngine.Object,string,object[])
UnityEngine.Logger:Log (UnityEngine.LogType,object)
UnityEngine.Debug:Log (object)
RoboticArmNetworkController:HandleMessage (string) (at Assets/Scripts/RoboticArmNetworkController.cs:112)
RobotSimulator.Communication.TcpServer:Update () (at Assets/Scripts/Communication/TcpServer.cs:153)

(Filename: Assets/Scripts/RoboticArmNetworkController.cs Line: 112)

[truck_02] set_motors L=0.01 R=0.51 → throttle=0.26 steering=-0.25
UnityEngine.Debug:ExtractStackTraceNoAlloc (byte*,int,string)
UnityEngine.StackTraceUtility:ExtractStackTrace ()
UnityEngine.DebugLogHandler:Internal_Log (UnityEngine.LogType,UnityEngine.LogOption,string,UnityEngine.Object)
UnityEngine.DebugLogHandler:LogFormat (UnityEngine.LogType,UnityEngine.Object,string,object[])
UnityEngine.Logger:Log (UnityEngine.LogType,object)
UnityEngine.Debug:Log (object)
RobotSimulator.TruckController:HandleMessage (string) (at Assets/Scripts/TruckController.cs:115)
RobotSimulator.Communication.TcpServer:Update () (at Assets/Scripts/Communication/TcpServer.cs:153)

(Filename: Assets/Scripts/TruckController.cs Line: 115)

[truck_02] set_motors L=0.50 R=0.50 → throttle=0.50 steering=0.00
UnityEngine.Debug:ExtractStackTraceNoAlloc (byte*,int,string)
UnityEngine.StackTraceUtility:ExtractStackTrace ()
UnityEngine.DebugLogHandler:Internal_Log (UnityEngine.LogType,UnityEngine.LogOption,string,UnityEngine.Object)
UnityEngine.DebugLogHandler:LogFormat (UnityEngine.LogType,UnityEngine.Object,string,object[])
UnityEngine.Logger:Log (UnityEngine.LogType,object)
UnityEngine.Debug:Log (object)
RobotSimulator.TruckController:HandleMessage (string) (at Assets/Scripts/TruckController.cs:115)
RobotSimulator.Communication.TcpServer:Update () (at Assets/Scripts/Communication/TcpServer.cs:153)

(Filename: Assets/Scripts/TruckController.cs Line: 115)

[truck_01] set_motors L=0.00 R=0.00 → throttle=0.00 steering=0.00
UnityEngine.Debug:ExtractStackTraceNoAlloc (byte*,int,string)
UnityEngine.StackTraceUtility:ExtractStackTrace ()
UnityEngine.DebugLogHandler:Internal_Log (UnityEngine.LogType,UnityEngine.LogOption,string,UnityEngine.Object)
UnityEngine.DebugLogHandler:LogFormat (UnityEngine.LogType,UnityEngine.Object,string,object[])
UnityEngine.Logger:Log (UnityEngine.LogType,object)
UnityEngine.Debug:Log (object)
RobotSimulator.TruckController:HandleMessage (string) (at Assets/Scripts/TruckController.cs:115)
RobotSimulator.Communication.TcpServer:Update () (at Assets/Scripts/Communication/TcpServer.cs:153)

(Filename: Assets/Scripts/TruckController.cs Line: 115)

[arm_01] Processing command: arm_set_joint
UnityEngine.Debug:ExtractStackTraceNoAlloc (byte*,int,string)
UnityEngine.StackTraceUtility:ExtractStackTrace ()
UnityEngine.DebugLogHandler:Internal_Log (UnityEngine.LogType,UnityEngine.LogOption,string,UnityEngine.Object)
UnityEngine.DebugLogHandler:LogFormat (UnityEngine.LogType,UnityEngine.Object,string,object[])
UnityEngine.Logger:Log (UnityEngine.LogType,object)
UnityEngine.Debug:Log (object)
RoboticArmNetworkController:HandleMessage (string) (at Assets/Scripts/RoboticArmNetworkController.cs:84)
RobotSimulator.Communication.TcpServer:Update () (at Assets/Scripts/Communication/TcpServer.cs:153)

(Filename: Assets/Scripts/RoboticArmNetworkController.cs Line: 84)

[arm_01] Set joint 0 to 0°
UnityEngine.Debug:ExtractStackTraceNoAlloc (byte*,int,string)
UnityEngine.StackTraceUtility:ExtractStackTrace ()
UnityEngine.DebugLogHandler:Internal_Log (UnityEngine.LogType,UnityEngine.LogOption,string,UnityEngine.Object)
UnityEngine.DebugLogHandler:LogFormat (UnityEngine.LogType,UnityEngine.Object,string,object[])
UnityEngine.Logger:Log (UnityEngine.LogType,object)
UnityEngine.Debug:Log (object)
RoboticArmNetworkController:HandleMessage (string) (at Assets/Scripts/RoboticArmNetworkController.cs:93)
RobotSimulator.Communication.TcpServer:Update () (at Assets/Scripts/Communication/TcpServer.cs:153)

(Filename: Assets/Scripts/RoboticArmNetworkController.cs Line: 93)

[truck_02] set_motors L=0.50 R=0.50 → throttle=0.50 steering=0.00
UnityEngine.Debug:ExtractStackTraceNoAlloc (byte*,int,string)
UnityEngine.StackTraceUtility:ExtractStackTrace ()
UnityEngine.DebugLogHandler:Internal_Log (UnityEngine.LogType,UnityEngine.LogOption,string,UnityEngine.Object)
UnityEngine.DebugLogHandler:LogFormat (UnityEngine.LogType,UnityEngine.Object,string,object[])
UnityEngine.Logger:Log (UnityEngine.LogType,object)
UnityEngine.Debug:Log (object)
RobotSimulator.TruckController:HandleMessage (string) (at Assets/Scripts/TruckController.cs:115)
RobotSimulator.Communication.TcpServer:Update () (at Assets/Scripts/Communication/TcpServer.cs:153)

(Filename: Assets/Scripts/TruckController.cs Line: 115)

[arm_01] Processing command: arm_set_joint
UnityEngine.Debug:ExtractStackTraceNoAlloc (byte*,int,string)
UnityEngine.StackTraceUtility:ExtractStackTrace ()
UnityEngine.DebugLogHandler:Internal_Log (UnityEngine.LogType,UnityEngine.LogOption,string,UnityEngine.Object)
UnityEngine.DebugLogHandler:LogFormat (UnityEngine.LogType,UnityEngine.Object,string,object[])
UnityEngine.Logger:Log (UnityEngine.LogType,object)
UnityEngine.Debug:Log (object)
RoboticArmNetworkController:HandleMessage (string) (at Assets/Scripts/RoboticArmNetworkController.cs:84)
RobotSimulator.Communication.TcpServer:Update () (at Assets/Scripts/Communication/TcpServer.cs:153)

(Filename: Assets/Scripts/RoboticArmNetworkController.cs Line: 84)

[arm_01] Set joint 1 to 38.96471°
UnityEngine.Debug:ExtractStackTraceNoAlloc (byte*,int,string)
UnityEngine.StackTraceUtility:ExtractStackTrace ()
UnityEngine.DebugLogHandler:Internal_Log (UnityEngine.LogType,UnityEngine.LogOption,string,UnityEngine.Object)
UnityEngine.DebugLogHandler:LogFormat (UnityEngine.LogType,UnityEngine.Object,string,object[])
UnityEngine.Logger:Log (UnityEngine.LogType,object)
UnityEngine.Debug:Log (object)
RoboticArmNetworkController:HandleMessage (string) (at Assets/Scripts/RoboticArmNetworkController.cs:93)
RobotSimulator.Communication.TcpServer:Update () (at Assets/Scripts/Communication/TcpServer.cs:153)

(Filename: Assets/Scripts/RoboticArmNetworkController.cs Line: 93)

[arm_01] Processing command: arm_set_joint
UnityEngine.Debug:ExtractStackTraceNoAlloc (byte*,int,string)
UnityEngine.StackTraceUtility:ExtractStackTrace ()
UnityEngine.DebugLogHandler:Internal_Log (UnityEngine.LogType,UnityEngine.LogOption,string,UnityEngine.Object)
UnityEngine.DebugLogHandler:LogFormat (UnityEngine.LogType,UnityEngine.Object,string,object[])
UnityEngine.Logger:Log (UnityEngine.LogType,object)
UnityEngine.Debug:Log (object)
RoboticArmNetworkController:HandleMessage (string) (at Assets/Scripts/RoboticArmNetworkController.cs:84)
RobotSimulator.Communication.TcpServer:Update () (at Assets/Scripts/Communication/TcpServer.cs:153)

(Filename: Assets/Scripts/RoboticArmNetworkController.cs Line: 84)

[arm_01] Set joint 2 to 15.24706°
UnityEngine.Debug:ExtractStackTraceNoAlloc (byte*,int,string)
UnityEngine.StackTraceUtility:ExtractStackTrace ()
UnityEngine.DebugLogHandler:Internal_Log (UnityEngine.LogType,UnityEngine.LogOption,string,UnityEngine.Object)
UnityEngine.DebugLogHandler:LogFormat (UnityEngine.LogType,UnityEngine.Object,string,object[])
UnityEngine.Logger:Log (UnityEngine.LogType,object)
UnityEngine.Debug:Log (object)
RoboticArmNetworkController:HandleMessage (string) (at Assets/Scripts/RoboticArmNetworkController.cs:93)
RobotSimulator.Communication.TcpServer:Update () (at Assets/Scripts/Communication/TcpServer.cs:153)

(Filename: Assets/Scripts/RoboticArmNetworkController.cs Line: 93)

[arm_01] Processing command: arm_set_gripper
UnityEngine.Debug:ExtractStackTraceNoAlloc (byte*,int,string)
UnityEngine.StackTraceUtility:ExtractStackTrace ()
UnityEngine.DebugLogHandler:Internal_Log (UnityEngine.LogType,UnityEngine.LogOption,string,UnityEngine.Object)
UnityEngine.DebugLogHandler:LogFormat (UnityEngine.LogType,UnityEngine.Object,string,object[])
UnityEngine.Logger:Log (UnityEngine.LogType,object)
UnityEngine.Debug:Log (object)
RoboticArmNetworkController:HandleMessage (string) (at Assets/Scripts/RoboticArmNetworkController.cs:84)
RobotSimulator.Communication.TcpServer:Update () (at Assets/Scripts/Communication/TcpServer.cs:153)

(Filename: Assets/Scripts/RoboticArmNetworkController.cs Line: 84)

[arm_01] Set gripper to 0.00
UnityEngine.Debug:ExtractStackTraceNoAlloc (byte*,int,string)
UnityEngine.StackTraceUtility:ExtractStackTrace ()
UnityEngine.DebugLogHandler:Internal_Log (UnityEngine.LogType,UnityEngine.LogOption,string,UnityEngine.Object)
UnityEngine.DebugLogHandler:LogFormat (UnityEngine.LogType,UnityEngine.Object,string,object[])
UnityEngine.Logger:Log (UnityEngine.LogType,object)
UnityEngine.Debug:Log (object)
RoboticArmNetworkController:HandleMessage (string) (at Assets/Scripts/RoboticArmNetworkController.cs:112)
RobotSimulator.Communication.TcpServer:Update () (at Assets/Scripts/Communication/TcpServer.cs:153)

(Filename: Assets/Scripts/RoboticArmNetworkController.cs Line: 112)

[truck_02] set_motors L=0.50 R=0.50 → throttle=0.50 steering=0.00
UnityEngine.Debug:ExtractStackTraceNoAlloc (byte*,int,string)
UnityEngine.StackTraceUtility:ExtractStackTrace ()
UnityEngine.DebugLogHandler:Internal_Log (UnityEngine.LogType,UnityEngine.LogOption,string,UnityEngine.Object)
UnityEngine.DebugLogHandler:LogFormat (UnityEngine.LogType,UnityEngine.Object,string,object[])
UnityEngine.Logger:Log (UnityEngine.LogType,object)
UnityEngine.Debug:Log (object)
RobotSimulator.TruckController:HandleMessage (string) (at Assets/Scripts/TruckController.cs:115)
RobotSimulator.Communication.TcpServer:Update () (at Assets/Scripts/Communication/TcpServer.cs:153)

(Filename: Assets/Scripts/TruckController.cs Line: 115)

[truck_02] set_motors L=0.50 R=0.50 → throttle=0.50 steering=0.00
UnityEngine.Debug:ExtractStackTraceNoAlloc (byte*,int,string)
UnityEngine.StackTraceUtility:ExtractStackTrace ()
UnityEngine.DebugLogHandler:Internal_Log (UnityEngine.LogType,UnityEngine.LogOption,string,UnityEngine.Object)
UnityEngine.DebugLogHandler:LogFormat (UnityEngine.LogType,UnityEngine.Object,string,object[])
UnityEngine.Logger:Log (UnityEngine.LogType,object)
UnityEngine.Debug:Log (object)
RobotSimulator.TruckController:HandleMessage (string) (at Assets/Scripts/TruckController.cs:115)
RobotSimulator.Communication.TcpServer:Update () (at Assets/Scripts/Communication/TcpServer.cs:153)

(Filename: Assets/Scripts/TruckController.cs Line: 115)

[truck_01] set_motors L=0.00 R=0.00 → throttle=0.00 steering=0.00
UnityEngine.Debug:ExtractStackTraceNoAlloc (byte*,int,string)
UnityEngine.StackTraceUtility:ExtractStackTrace ()
UnityEngine.DebugLogHandler:Internal_Log (UnityEngine.LogType,UnityEngine.LogOption,string,UnityEngine.Object)
UnityEngine.DebugLogHandler:LogFormat (UnityEngine.LogType,UnityEngine.Object,string,object[])
UnityEngine.Logger:Log (UnityEngine.LogType,object)
UnityEngine.Debug:Log (object)
RobotSimulator.TruckController:HandleMessage (string) (at Assets/Scripts/TruckController.cs:115)
RobotSimulator.Communication.TcpServer:Update () (at Assets/Scripts/Communication/TcpServer.cs:153)

(Filename: Assets/Scripts/TruckController.cs Line: 115)

[arm_01] Processing command: arm_set_joint
UnityEngine.Debug:ExtractStackTraceNoAlloc (byte*,int,string)
UnityEngine.StackTraceUtility:ExtractStackTrace ()
UnityEngine.DebugLogHandler:Internal_Log (UnityEngine.LogType,UnityEngine.LogOption,string,UnityEngine.Object)
UnityEngine.DebugLogHandler:LogFormat (UnityEngine.LogType,UnityEngine.Object,string,object[])
UnityEngine.Logger:Log (UnityEngine.LogType,object)
UnityEngine.Debug:Log (object)
RoboticArmNetworkController:HandleMessage (string) (at Assets/Scripts/RoboticArmNetworkController.cs:84)
RobotSimulator.Communication.TcpServer:Update () (at Assets/Scripts/Communication/TcpServer.cs:153)

(Filename: Assets/Scripts/RoboticArmNetworkController.cs Line: 84)

[arm_01] Set joint 0 to 0°
UnityEngine.Debug:ExtractStackTraceNoAlloc (byte*,int,string)
UnityEngine.StackTraceUtility:ExtractStackTrace ()
UnityEngine.DebugLogHandler:Internal_Log (UnityEngine.LogType,UnityEngine.LogOption,string,UnityEngine.Object)
UnityEngine.DebugLogHandler:LogFormat (UnityEngine.LogType,UnityEngine.Object,string,object[])
UnityEngine.Logger:Log (UnityEngine.LogType,object)
UnityEngine.Debug:Log (object)
RoboticArmNetworkController:HandleMessage (string) (at Assets/Scripts/RoboticArmNetworkController.cs:93)
RobotSimulator.Communication.TcpServer:Update () (at Assets/Scripts/Communication/TcpServer.cs:153)

(Filename: Assets/Scripts/RoboticArmNetworkController.cs Line: 93)

[truck_02] set_motors L=0.30 R=-0.30 → throttle=0.00 steering=0.30
UnityEngine.Debug:ExtractStackTraceNoAlloc (byte*,int,string)
UnityEngine.StackTraceUtility:ExtractStackTrace ()
UnityEngine.DebugLogHandler:Internal_Log (UnityEngine.LogType,UnityEngine.LogOption,string,UnityEngine.Object)
UnityEngine.DebugLogHandler:LogFormat (UnityEngine.LogType,UnityEngine.Object,string,object[])
UnityEngine.Logger:Log (UnityEngine.LogType,object)
UnityEngine.Debug:Log (object)
RobotSimulator.TruckController:HandleMessage (string) (at Assets/Scripts/TruckController.cs:115)
RobotSimulator.Communication.TcpServer:Update () (at Assets/Scripts/Communication/TcpServer.cs:153)

(Filename: Assets/Scripts/TruckController.cs Line: 115)

[arm_01] Processing command: arm_set_joint
UnityEngine.Debug:ExtractStackTraceNoAlloc (byte*,int,string)
UnityEngine.StackTraceUtility:ExtractStackTrace ()
UnityEngine.DebugLogHandler:Internal_Log (UnityEngine.LogType,UnityEngine.LogOption,string,UnityEngine.Object)
UnityEngine.DebugLogHandler:LogFormat (UnityEngine.LogType,UnityEngine.Object,string,object[])
UnityEngine.Logger:Log (UnityEngine.LogType,object)
UnityEngine.Debug:Log (object)
RoboticArmNetworkController:HandleMessage (string) (at Assets/Scripts/RoboticArmNetworkController.cs:84)
RobotSimulator.Communication.TcpServer:Update () (at Assets/Scripts/Communication/TcpServer.cs:153)

(Filename: Assets/Scripts/RoboticArmNetworkController.cs Line: 84)

[arm_01] Set joint 1 to 38.96471°
UnityEngine.Debug:ExtractStackTraceNoAlloc (byte*,int,string)
UnityEngine.StackTraceUtility:ExtractStackTrace ()
UnityEngine.DebugLogHandler:Internal_Log (UnityEngine.LogType,UnityEngine.LogOption,string,UnityEngine.Object)
UnityEngine.DebugLogHandler:LogFormat (UnityEngine.LogType,UnityEngine.Object,string,object[])
UnityEngine.Logger:Log (UnityEngine.LogType,object)
UnityEngine.Debug:Log (object)
RoboticArmNetworkController:HandleMessage (string) (at Assets/Scripts/RoboticArmNetworkController.cs:93)
RobotSimulator.Communication.TcpServer:Update () (at Assets/Scripts/Communication/TcpServer.cs:153)

(Filename: Assets/Scripts/RoboticArmNetworkController.cs Line: 93)

[arm_01] Processing command: arm_set_joint
UnityEngine.Debug:ExtractStackTraceNoAlloc (byte*,int,string)
UnityEngine.StackTraceUtility:ExtractStackTrace ()
UnityEngine.DebugLogHandler:Internal_Log (UnityEngine.LogType,UnityEngine.LogOption,string,UnityEngine.Object)
UnityEngine.DebugLogHandler:LogFormat (UnityEngine.LogType,UnityEngine.Object,string,object[])
UnityEngine.Logger:Log (UnityEngine.LogType,object)
UnityEngine.Debug:Log (object)
RoboticArmNetworkController:HandleMessage (string) (at Assets/Scripts/RoboticArmNetworkController.cs:84)
RobotSimulator.Communication.TcpServer:Update () (at Assets/Scripts/Communication/TcpServer.cs:153)

(Filename: Assets/Scripts/RoboticArmNetworkController.cs Line: 84)

[arm_01] Set joint 2 to 15.24706°
UnityEngine.Debug:ExtractStackTraceNoAlloc (byte*,int,string)
UnityEngine.StackTraceUtility:ExtractStackTrace ()
UnityEngine.DebugLogHandler:Internal_Log (UnityEngine.LogType,UnityEngine.LogOption,string,UnityEngine.Object)
UnityEngine.DebugLogHandler:LogFormat (UnityEngine.LogType,UnityEngine.Object,string,object[])
UnityEngine.Logger:Log (UnityEngine.LogType,object)
UnityEngine.Debug:Log (object)
RoboticArmNetworkController:HandleMessage (string) (at Assets/Scripts/RoboticArmNetworkController.cs:93)
RobotSimulator.Communication.TcpServer:Update () (at Assets/Scripts/Communication/TcpServer.cs:153)

(Filename: Assets/Scripts/RoboticArmNetworkController.cs Line: 93)

[truck_02] set_motors L=0.30 R=-0.30 → throttle=0.00 steering=0.30
UnityEngine.Debug:ExtractStackTraceNoAlloc (byte*,int,string)
UnityEngine.StackTraceUtility:ExtractStackTrace ()
UnityEngine.DebugLogHandler:Internal_Log (UnityEngine.LogType,UnityEngine.LogOption,string,UnityEngine.Object)
UnityEngine.DebugLogHandler:LogFormat (UnityEngine.LogType,UnityEngine.Object,string,object[])
UnityEngine.Logger:Log (UnityEngine.LogType,object)
UnityEngine.Debug:Log (object)
RobotSimulator.TruckController:HandleMessage (string) (at Assets/Scripts/TruckController.cs:115)
RobotSimulator.Communication.TcpServer:Update () (at Assets/Scripts/Communication/TcpServer.cs:153)

(Filename: Assets/Scripts/TruckController.cs Line: 115)

[truck_02] set_motors L=0.30 R=-0.30 → throttle=0.00 steering=0.30
UnityEngine.Debug:ExtractStackTraceNoAlloc (byte*,int,string)
UnityEngine.StackTraceUtility:ExtractStackTrace ()
UnityEngine.DebugLogHandler:Internal_Log (UnityEngine.LogType,UnityEngine.LogOption,string,UnityEngine.Object)
UnityEngine.DebugLogHandler:LogFormat (UnityEngine.LogType,UnityEngine.Object,string,object[])
UnityEngine.Logger:Log (UnityEngine.LogType,object)
UnityEngine.Debug:Log (object)
RobotSimulator.TruckController:HandleMessage (string) (at Assets/Scripts/TruckController.cs:115)
RobotSimulator.Communication.TcpServer:Update () (at Assets/Scripts/Communication/TcpServer.cs:153)

(Filename: Assets/Scripts/TruckController.cs Line: 115)

[truck_02] set_motors L=0.00 R=0.00 → throttle=0.00 steering=0.00
UnityEngine.Debug:ExtractStackTraceNoAlloc (byte*,int,string)
UnityEngine.StackTraceUtility:ExtractStackTrace ()
UnityEngine.DebugLogHandler:Internal_Log (UnityEngine.LogType,UnityEngine.LogOption,string,UnityEngine.Object)
UnityEngine.DebugLogHandler:LogFormat (UnityEngine.LogType,UnityEngine.Object,string,object[])
UnityEngine.Logger:Log (UnityEngine.LogType,object)
UnityEngine.Debug:Log (object)
RobotSimulator.TruckController:HandleMessage (string) (at Assets/Scripts/TruckController.cs:115)
RobotSimulator.Communication.TcpServer:Update () (at Assets/Scripts/Communication/TcpServer.cs:153)

(Filename: Assets/Scripts/TruckController.cs Line: 115)

[truck_02] set_motors L=0.00 R=0.00 → throttle=0.00 steering=0.00
UnityEngine.Debug:ExtractStackTraceNoAlloc (byte*,int,string)
UnityEngine.StackTraceUtility:ExtractStackTrace ()
UnityEngine.DebugLogHandler:Internal_Log (UnityEngine.LogType,UnityEngine.LogOption,string,UnityEngine.Object)
UnityEngine.DebugLogHandler:LogFormat (UnityEngine.LogType,UnityEngine.Object,string,object[])
UnityEngine.Logger:Log (UnityEngine.LogType,object)
UnityEngine.Debug:Log (object)
RobotSimulator.TruckController:HandleMessage (string) (at Assets/Scripts/TruckController.cs:115)
RobotSimulator.Communication.TcpServer:Update () (at Assets/Scripts/Communication/TcpServer.cs:153)

(Filename: Assets/Scripts/TruckController.cs Line: 115)

[arm_01] Processing command: arm_set_gripper
UnityEngine.Debug:ExtractStackTraceNoAlloc (byte*,int,string)
UnityEngine.StackTraceUtility:ExtractStackTrace ()
UnityEngine.DebugLogHandler:Internal_Log (UnityEngine.LogType,UnityEngine.LogOption,string,UnityEngine.Object)
UnityEngine.DebugLogHandler:LogFormat (UnityEngine.LogType,UnityEngine.Object,string,object[])
UnityEngine.Logger:Log (UnityEngine.LogType,object)
UnityEngine.Debug:Log (object)
RoboticArmNetworkController:HandleMessage (string) (at Assets/Scripts/RoboticArmNetworkController.cs:84)
RobotSimulator.Communication.TcpServer:Update () (at Assets/Scripts/Communication/TcpServer.cs:153)

(Filename: Assets/Scripts/RoboticArmNetworkController.cs Line: 84)

[arm_01] Set gripper to 0.00
UnityEngine.Debug:ExtractStackTraceNoAlloc (byte*,int,string)
UnityEngine.StackTraceUtility:ExtractStackTrace ()
UnityEngine.DebugLogHandler:Internal_Log (UnityEngine.LogType,UnityEngine.LogOption,string,UnityEngine.Object)
UnityEngine.DebugLogHandler:LogFormat (UnityEngine.LogType,UnityEngine.Object,string,object[])
UnityEngine.Logger:Log (UnityEngine.LogType,object)
UnityEngine.Debug:Log (object)
RoboticArmNetworkController:HandleMessage (string) (at Assets/Scripts/RoboticArmNetworkController.cs:112)
RobotSimulator.Communication.TcpServer:Update () (at Assets/Scripts/Communication/TcpServer.cs:153)

(Filename: Assets/Scripts/RoboticArmNetworkController.cs Line: 112)

[truck_01] set_motors L=0.00 R=0.00 → throttle=0.00 steering=0.00
UnityEngine.Debug:ExtractStackTraceNoAlloc (byte*,int,string)
UnityEngine.StackTraceUtility:ExtractStackTrace ()
UnityEngine.DebugLogHandler:Internal_Log (UnityEngine.LogType,UnityEngine.LogOption,string,UnityEngine.Object)
UnityEngine.DebugLogHandler:LogFormat (UnityEngine.LogType,UnityEngine.Object,string,object[])
UnityEngine.Logger:Log (UnityEngine.LogType,object)
UnityEngine.Debug:Log (object)
RobotSimulator.TruckController:HandleMessage (string) (at Assets/Scripts/TruckController.cs:115)
RobotSimulator.Communication.TcpServer:Update () (at Assets/Scripts/Communication/TcpServer.cs:153)

(Filename: Assets/Scripts/TruckController.cs Line: 115)

[arm_01] Processing command: arm_set_joint
UnityEngine.Debug:ExtractStackTraceNoAlloc (byte*,int,string)
UnityEngine.StackTraceUtility:ExtractStackTrace ()
UnityEngine.DebugLogHandler:Internal_Log (UnityEngine.LogType,UnityEngine.LogOption,string,UnityEngine.Object)
UnityEngine.DebugLogHandler:LogFormat (UnityEngine.LogType,UnityEngine.Object,string,object[])
UnityEngine.Logger:Log (UnityEngine.LogType,object)
UnityEngine.Debug:Log (object)
RoboticArmNetworkController:HandleMessage (string) (at Assets/Scripts/RoboticArmNetworkController.cs:84)
RobotSimulator.Communication.TcpServer:Update () (at Assets/Scripts/Communication/TcpServer.cs:153)

(Filename: Assets/Scripts/RoboticArmNetworkController.cs Line: 84)

[arm_01] Set joint 0 to 0°
UnityEngine.Debug:ExtractStackTraceNoAlloc (byte*,int,string)
UnityEngine.StackTraceUtility:ExtractStackTrace ()
UnityEngine.DebugLogHandler:Internal_Log (UnityEngine.LogType,UnityEngine.LogOption,string,UnityEngine.Object)
UnityEngine.DebugLogHandler:LogFormat (UnityEngine.LogType,UnityEngine.Object,string,object[])
UnityEngine.Logger:Log (UnityEngine.LogType,object)
UnityEngine.Debug:Log (object)
RoboticArmNetworkController:HandleMessage (string) (at Assets/Scripts/RoboticArmNetworkController.cs:93)
RobotSimulator.Communication.TcpServer:Update () (at Assets/Scripts/Communication/TcpServer.cs:153)

(Filename: Assets/Scripts/RoboticArmNetworkController.cs Line: 93)

[arm_01] Processing command: arm_set_joint
UnityEngine.Debug:ExtractStackTraceNoAlloc (byte*,int,string)
UnityEngine.StackTraceUtility:ExtractStackTrace ()
UnityEngine.DebugLogHandler:Internal_Log (UnityEngine.LogType,UnityEngine.LogOption,string,UnityEngine.Object)
UnityEngine.DebugLogHandler:LogFormat (UnityEngine.LogType,UnityEngine.Object,string,object[])
UnityEngine.Logger:Log (UnityEngine.LogType,object)
UnityEngine.Debug:Log (object)
RoboticArmNetworkController:HandleMessage (string) (at Assets/Scripts/RoboticArmNetworkController.cs:84)
RobotSimulator.Communication.TcpServer:Update () (at Assets/Scripts/Communication/TcpServer.cs:153)

(Filename: Assets/Scripts/RoboticArmNetworkController.cs Line: 84)

[arm_01] Set joint 1 to 38.96471°
UnityEngine.Debug:ExtractStackTraceNoAlloc (byte*,int,string)
UnityEngine.StackTraceUtility:ExtractStackTrace ()
UnityEngine.DebugLogHandler:Internal_Log (UnityEngine.LogType,UnityEngine.LogOption,string,UnityEngine.Object)
UnityEngine.DebugLogHandler:LogFormat (UnityEngine.LogType,UnityEngine.Object,string,object[])
UnityEngine.Logger:Log (UnityEngine.LogType,object)
UnityEngine.Debug:Log (object)
RoboticArmNetworkController:HandleMessage (string) (at Assets/Scripts/RoboticArmNetworkController.cs:93)
RobotSimulator.Communication.TcpServer:Update () (at Assets/Scripts/Communication/TcpServer.cs:153)

(Filename: Assets/Scripts/RoboticArmNetworkController.cs Line: 93)

[arm_01] Processing command: arm_set_joint
UnityEngine.Debug:ExtractStackTraceNoAlloc (byte*,int,string)
UnityEngine.StackTraceUtility:ExtractStackTrace ()
UnityEngine.DebugLogHandler:Internal_Log (UnityEngine.LogType,UnityEngine.LogOption,string,UnityEngine.Object)
UnityEngine.DebugLogHandler:LogFormat (UnityEngine.LogType,UnityEngine.Object,string,object[])
UnityEngine.Logger:Log (UnityEngine.LogType,object)
UnityEngine.Debug:Log (object)
RoboticArmNetworkController:HandleMessage (string) (at Assets/Scripts/RoboticArmNetworkController.cs:84)
RobotSimulator.Communication.TcpServer:Update () (at Assets/Scripts/Communication/TcpServer.cs:153)

(Filename: Assets/Scripts/RoboticArmNetworkController.cs Line: 84)

[arm_01] Set joint 2 to 15.24706°
UnityEngine.Debug:ExtractStackTraceNoAlloc (byte*,int,string)
UnityEngine.StackTraceUtility:ExtractStackTrace ()
UnityEngine.DebugLogHandler:Internal_Log (UnityEngine.LogType,UnityEngine.LogOption,string,UnityEngine.Object)
UnityEngine.DebugLogHandler:LogFormat (UnityEngine.LogType,UnityEngine.Object,string,object[])
UnityEngine.Logger:Log (UnityEngine.LogType,object)
UnityEngine.Debug:Log (object)
RoboticArmNetworkController:HandleMessage (string) (at Assets/Scripts/RoboticArmNetworkController.cs:93)
RobotSimulator.Communication.TcpServer:Update () (at Assets/Scripts/Communication/TcpServer.cs:153)

(Filename: Assets/Scripts/RoboticArmNetworkController.cs Line: 93)

[arm_01] Processing command: arm_set_gripper
UnityEngine.Debug:ExtractStackTraceNoAlloc (byte*,int,string)
UnityEngine.StackTraceUtility:ExtractStackTrace ()
UnityEngine.DebugLogHandler:Internal_Log (UnityEngine.LogType,UnityEngine.LogOption,string,UnityEngine.Object)
UnityEngine.DebugLogHandler:LogFormat (UnityEngine.LogType,UnityEngine.Object,string,object[])
UnityEngine.Logger:Log (UnityEngine.LogType,object)
UnityEngine.Debug:Log (object)
RoboticArmNetworkController:HandleMessage (string) (at Assets/Scripts/RoboticArmNetworkController.cs:84)
RobotSimulator.Communication.TcpServer:Update () (at Assets/Scripts/Communication/TcpServer.cs:153)

(Filename: Assets/Scripts/RoboticArmNetworkController.cs Line: 84)

[arm_01] Set gripper to 0.00
UnityEngine.Debug:ExtractStackTraceNoAlloc (byte*,int,string)
UnityEngine.StackTraceUtility:ExtractStackTrace ()
UnityEngine.DebugLogHandler:Internal_Log (UnityEngine.LogType,UnityEngine.LogOption,string,UnityEngine.Object)
UnityEngine.DebugLogHandler:LogFormat (UnityEngine.LogType,UnityEngine.Object,string,object[])
UnityEngine.Logger:Log (UnityEngine.LogType,object)
UnityEngine.Debug:Log (object)
RoboticArmNetworkController:HandleMessage (string) (at Assets/Scripts/RoboticArmNetworkController.cs:112)
RobotSimulator.Communication.TcpServer:Update () (at Assets/Scripts/Communication/TcpServer.cs:153)

(Filename: Assets/Scripts/RoboticArmNetworkController.cs Line: 112)

[truck_01] set_motors L=0.00 R=0.00 → throttle=0.00 steering=0.00
UnityEngine.Debug:ExtractStackTraceNoAlloc (byte*,int,string)
UnityEngine.StackTraceUtility:ExtractStackTrace ()
UnityEngine.DebugLogHandler:Internal_Log (UnityEngine.LogType,UnityEngine.LogOption,string,UnityEngine.Object)
UnityEngine.DebugLogHandler:LogFormat (UnityEngine.LogType,UnityEngine.Object,string,object[])
UnityEngine.Logger:Log (UnityEngine.LogType,object)
UnityEngine.Debug:Log (object)
RobotSimulator.TruckController:HandleMessage (string) (at Assets/Scripts/TruckController.cs:115)
RobotSimulator.Communication.TcpServer:Update () (at Assets/Scripts/Communication/TcpServer.cs:153)

(Filename: Assets/Scripts/TruckController.cs Line: 115)

[arm_01] Processing command: arm_set_joint
UnityEngine.Debug:ExtractStackTraceNoAlloc (byte*,int,string)
UnityEngine.StackTraceUtility:ExtractStackTrace ()
UnityEngine.DebugLogHandler:Internal_Log (UnityEngine.LogType,UnityEngine.LogOption,string,UnityEngine.Object)
UnityEngine.DebugLogHandler:LogFormat (UnityEngine.LogType,UnityEngine.Object,string,object[])
UnityEngine.Logger:Log (UnityEngine.LogType,object)
UnityEngine.Debug:Log (object)
RoboticArmNetworkController:HandleMessage (string) (at Assets/Scripts/RoboticArmNetworkController.cs:84)
RobotSimulator.Communication.TcpServer:Update () (at Assets/Scripts/Communication/TcpServer.cs:153)

(Filename: Assets/Scripts/RoboticArmNetworkController.cs Line: 84)

[arm_01] Set joint 0 to 0°
UnityEngine.Debug:ExtractStackTraceNoAlloc (byte*,int,string)
UnityEngine.StackTraceUtility:ExtractStackTrace ()
UnityEngine.DebugLogHandler:Internal_Log (UnityEngine.LogType,UnityEngine.LogOption,string,UnityEngine.Object)
UnityEngine.DebugLogHandler:LogFormat (UnityEngine.LogType,UnityEngine.Object,string,object[])
UnityEngine.Logger:Log (UnityEngine.LogType,object)
UnityEngine.Debug:Log (object)
RoboticArmNetworkController:HandleMessage (string) (at Assets/Scripts/RoboticArmNetworkController.cs:93)
RobotSimulator.Communication.TcpServer:Update () (at Assets/Scripts/Communication/TcpServer.cs:153)

(Filename: Assets/Scripts/RoboticArmNetworkController.cs Line: 93)

[arm_01] Processing command: arm_set_joint
UnityEngine.Debug:ExtractStackTraceNoAlloc (byte*,int,string)
UnityEngine.StackTraceUtility:ExtractStackTrace ()
UnityEngine.DebugLogHandler:Internal_Log (UnityEngine.LogType,UnityEngine.LogOption,string,UnityEngine.Object)
UnityEngine.DebugLogHandler:LogFormat (UnityEngine.LogType,UnityEngine.Object,string,object[])
UnityEngine.Logger:Log (UnityEngine.LogType,object)
UnityEngine.Debug:Log (object)
RoboticArmNetworkController:HandleMessage (string) (at Assets/Scripts/RoboticArmNetworkController.cs:84)
RobotSimulator.Communication.TcpServer:Update () (at Assets/Scripts/Communication/TcpServer.cs:153)

(Filename: Assets/Scripts/RoboticArmNetworkController.cs Line: 84)

[arm_01] Set joint 1 to 38.96471°
UnityEngine.Debug:ExtractStackTraceNoAlloc (byte*,int,string)
UnityEngine.StackTraceUtility:ExtractStackTrace ()
UnityEngine.DebugLogHandler:Internal_Log (UnityEngine.LogType,UnityEngine.LogOption,string,UnityEngine.Object)
UnityEngine.DebugLogHandler:LogFormat (UnityEngine.LogType,UnityEngine.Object,string,object[])
UnityEngine.Logger:Log (UnityEngine.LogType,object)
UnityEngine.Debug:Log (object)
RoboticArmNetworkController:HandleMessage (string) (at Assets/Scripts/RoboticArmNetworkController.cs:93)
RobotSimulator.Communication.TcpServer:Update () (at Assets/Scripts/Communication/TcpServer.cs:153)

(Filename: Assets/Scripts/RoboticArmNetworkController.cs Line: 93)

[arm_01] Processing command: arm_set_joint
UnityEngine.Debug:ExtractStackTraceNoAlloc (byte*,int,string)
UnityEngine.StackTraceUtility:ExtractStackTrace ()
UnityEngine.DebugLogHandler:Internal_Log (UnityEngine.LogType,UnityEngine.LogOption,string,UnityEngine.Object)
UnityEngine.DebugLogHandler:LogFormat (UnityEngine.LogType,UnityEngine.Object,string,object[])
UnityEngine.Logger:Log (UnityEngine.LogType,object)
UnityEngine.Debug:Log (object)
RoboticArmNetworkController:HandleMessage (string) (at Assets/Scripts/RoboticArmNetworkController.cs:84)
RobotSimulator.Communication.TcpServer:Update () (at Assets/Scripts/Communication/TcpServer.cs:153)

(Filename: Assets/Scripts/RoboticArmNetworkController.cs Line: 84)

[arm_01] Set joint 2 to 15.24706°
UnityEngine.Debug:ExtractStackTraceNoAlloc (byte*,int,string)
UnityEngine.StackTraceUtility:ExtractStackTrace ()
UnityEngine.DebugLogHandler:Internal_Log (UnityEngine.LogType,UnityEngine.LogOption,string,UnityEngine.Object)
UnityEngine.DebugLogHandler:LogFormat (UnityEngine.LogType,UnityEngine.Object,string,object[])
UnityEngine.Logger:Log (UnityEngine.LogType,object)
UnityEngine.Debug:Log (object)
RoboticArmNetworkController:HandleMessage (string) (at Assets/Scripts/RoboticArmNetworkController.cs:93)
RobotSimulator.Communication.TcpServer:Update () (at Assets/Scripts/Communication/TcpServer.cs:153)

(Filename: Assets/Scripts/RoboticArmNetworkController.cs Line: 93)

[arm_01] Processing command: arm_set_gripper
UnityEngine.Debug:ExtractStackTraceNoAlloc (byte*,int,string)
UnityEngine.StackTraceUtility:ExtractStackTrace ()
UnityEngine.DebugLogHandler:Internal_Log (UnityEngine.LogType,UnityEngine.LogOption,string,UnityEngine.Object)
UnityEngine.DebugLogHandler:LogFormat (UnityEngine.LogType,UnityEngine.Object,string,object[])
UnityEngine.Logger:Log (UnityEngine.LogType,object)
UnityEngine.Debug:Log (object)
RoboticArmNetworkController:HandleMessage (string) (at Assets/Scripts/RoboticArmNetworkController.cs:84)
RobotSimulator.Communication.TcpServer:Update () (at Assets/Scripts/Communication/TcpServer.cs:153)

(Filename: Assets/Scripts/RoboticArmNetworkController.cs Line: 84)

[arm_01] Set gripper to 0.00
UnityEngine.Debug:ExtractStackTraceNoAlloc (byte*,int,string)
UnityEngine.StackTraceUtility:ExtractStackTrace ()
UnityEngine.DebugLogHandler:Internal_Log (UnityEngine.LogType,UnityEngine.LogOption,string,UnityEngine.Object)
UnityEngine.DebugLogHandler:LogFormat (UnityEngine.LogType,UnityEngine.Object,string,object[])
UnityEngine.Logger:Log (UnityEngine.LogType,object)
UnityEngine.Debug:Log (object)
RoboticArmNetworkController:HandleMessage (string) (at Assets/Scripts/RoboticArmNetworkController.cs:112)
RobotSimulator.Communication.TcpServer:Update () (at Assets/Scripts/Communication/TcpServer.cs:153)

(Filename: Assets/Scripts/RoboticArmNetworkController.cs Line: 112)

[truck_01] set_motors L=0.00 R=0.00 → throttle=0.00 steering=0.00
UnityEngine.Debug:ExtractStackTraceNoAlloc (byte*,int,string)
UnityEngine.StackTraceUtility:ExtractStackTrace ()
UnityEngine.DebugLogHandler:Internal_Log (UnityEngine.LogType,UnityEngine.LogOption,string,UnityEngine.Object)
UnityEngine.DebugLogHandler:LogFormat (UnityEngine.LogType,UnityEngine.Object,string,object[])
UnityEngine.Logger:Log (UnityEngine.LogType,object)
UnityEngine.Debug:Log (object)
RobotSimulator.TruckController:HandleMessage (string) (at Assets/Scripts/TruckController.cs:115)
RobotSimulator.Communication.TcpServer:Update () (at Assets/Scripts/Communication/TcpServer.cs:153)

(Filename: Assets/Scripts/TruckController.cs Line: 115)

Asset Pipeline Refresh (id=3145c9042a7bfb54ca8f38b9f0d21ff0): Total: 0.020 seconds - Initiated by RefreshV2(NoUpdateAssetOptions)
Asset Pipeline Refresh (id=ab32cf7b846b77f48a7f1f69697b2756): Total: 0.019 seconds - Initiated by RefreshV2(NoUpdateAssetOptions)
Asset Pipeline Refresh (id=ca3aaef6e96611a44a31bdfd055389e1): Total: 0.020 seconds - Initiated by RefreshV2(NoUpdateAssetOptions)
Asset Pipeline Refresh (id=022385eb1d4e40a4fb1aea3699ad7a46): Total: 0.021 seconds - Initiated by RefreshV2(NoUpdateAssetOptions)
[LAYOUT] About to save layout C:\Users\Administrator\Desktop\Jetank-Simulation-RobotCollaboration\Robots\UserSettings\Layouts\default-6000.dwlt
[LAYOUT] About to save layout C:/Users/Administrator/AppData/Roaming/Unity/Editor-5.x/Preferences\Layouts\current\default-6000.dwlt
[TcpServer] Stopped
UnityEngine.Debug:ExtractStackTraceNoAlloc (byte*,int,string)
UnityEngine.StackTraceUtility:ExtractStackTrace ()
UnityEngine.DebugLogHandler:Internal_Log (UnityEngine.LogType,UnityEngine.LogOption,string,UnityEngine.Object)
UnityEngine.DebugLogHandler:LogFormat (UnityEngine.LogType,UnityEngine.Object,string,object[])
UnityEngine.Logger:Log (UnityEngine.LogType,object)
UnityEngine.Debug:Log (object)
RobotSimulator.Communication.TcpServer:StopServer () (at Assets/Scripts/Communication/TcpServer.cs:182)
RobotSimulator.Communication.TcpServer:OnDestroy () (at Assets/Scripts/Communication/TcpServer.cs:170)

(Filename: Assets/Scripts/Communication/TcpServer.cs Line: 182)

Input System module state changed to: ShutdownInProgress.
Input System polling thread exited.
Input System module state changed to: Shutdown.
[Physics::Module] Cleanup current backend.
[Physics::Module] Id: 0xf2b8ea05
[Licensing::IpcConnector] LicenseClient-Administrator-notifications channel disconnected successfully.
[Licensing::IpcConnector] LicenseClient-Administrator channel disconnected successfully.
AcceleratorClientConnectionCallback - disconnected - :0
Cleanup mono
debugger-agent: Unable to listen on 5016
Checking for leaked weakptr:
  Found no leaked weakptrs.
[Package Manager] Server process was shutdown
##utp:{"type":"MemoryLeaks","version":2,"phase":"Immediate","time":1787279182226,"processId":15576,"allocatedMemory":16264010,"memoryLabels":[{"Default":29317},{"Permanent":15236},{"NewDelete":69205},{"Thread":4241288},{"Manager":824000},{"VertexData":8},{"Geometry":816},{"Texture":3152},{"Shader":89493},{"Material":24},{"GfxDevice":57913},{"GfxThread":9984},{"Animation":392},{"Audio":3040},{"FreeType":8},{"FontEngine":736},{"Physics":2090},{"Physics2D":16},{"Serialization":290456},{"Input":14984},{"JobScheduler":33024},{"TextLib":31832},{"Mono":32},{"MonoCode":64},{"ScriptingNativeRuntime":155060},{"BaseObject":1620208},{"Resource":1336},{"Renderer":3000},{"Transform":4685},{"File":27325},{"WebCam":616},{"Culling":32},{"Terrain":11394},{"Wind":24},{"STL":40},{"String":10239},{"DynamicArray":113482},{"HashMap":96013},{"Utility":2661578},{"Curl":48},{"PoolAlloc":2392},{"AI":80},{"TypeTree":5341},{"ScriptManager":512},{"RuntimeInitializeOnLoadManager":64},{"SpriteAtlas":112},{"GI":7792},{"Director":8240},{"CloudService":6624},{"WebRequest":10532},{"VR":47994},{"SceneManager":504},{"Video":208},{"LazyScriptCache":32},{"NativeArray":1620},{"Camera":17},{"Secure":1},{"SerializationCache":1576},{"APIUpdating":10320},{"Subsystems":336},{"VirtualTexturing":57888},{"StaticSafetyDebugInfo":278528},{"Analytics":384},{"Hierarchy":608},{"CoreStats":13032},{"Identifiers":12960},{"Gui":535551},{"EditorUtility":209768},{"VersionControl":4},{"Undo":947},{"AssetDatabase":4577895},{"EditorGi":328},{"UnityConnect":29344},{"Upm":1972},{"AssetCompliance":64},{"DrivenProperties":72},{"LocalIPC":219},{"ProfilerEditor":9746},{"CoreBusinessMetrics":7021},{"Licensing":1232},{"AssetReference":32},{"IPCStream":32}]}
